snapshot_date,material_id,plant_id,current_stock,safety_stock
2025-01-23,M0118,PL04,514.0,144
2025-05-27,M0116,PL01,1083.0,113
2025-08-03,M0189,PL02,220.0,295
2025-08-17,M0067,PL04,1985.0,126
2025-02-24,M0013,PL01,348.0,308
2025-05-15,M0092,PL01,1584.0,142
2025-08-07,M0011,PL01,227.0,340
2025-06-26,M0139,PL03,289.0,320
2025-07-01,M0085,PL01,292.0,70
2025-06-01,M0085,PL04,809.0,111
2025-06-15,M0135,PL04,1216.0,388
2025-05-29,M0017,PL04,955.0,461
2025-08-16,M0048,PL01,1497.0,309
2025-05-30,M0142,PL01,1280.0,286
2025-01-14,M0191,PL03,1978.0,190
2025-04-11,M0192,PL02,1529.0,484
2025-05-16,M0097,PL03,387.0,481
2025-09-08,M0075,PL04,614.0,216
2025-08-31,M0193,PL04,1421.0,116
2025-02-12,M0162,PL04,365.0,399
2025-06-28,M0137,PL03,657.0,107
2025-01-13,M0077,PL04,289.0,261
2025-01-30,M0128,PL04,1792.0,179
2025-07-15,M0037,PL04,1332.0,74
2025-02-23,M0030,PL01,1301.0,60
2025-06-14,M0169,PL02,1487.0,306
2025-07-30,M0173,PL01,188.0,353
2025-01-04,M0047,PL01,917.0,418
2025-05-08,M0135,PL02,1201.0,481
2025-01-20,M0142,PL02,1551.0,443
2025-04-20,M0048,PL03,923.0,130
2025-05-07,M0134,PL02,987.0,335
2025-03-31,M0034,PL03,374.0,468
2025-02-18,M0101,PL03,1621.0,419
2025-07-23,M0046,PL01,759.0,68
2025-06-24,M0187,PL04,1477.0,159
2025-06-28,M0070,PL01,216.0,486
2025-02-13,M0136,PL01,1065.0,83
2025-01-30,M0024,PL02,193.0,337
2025-04-10,M0067,PL02,1350.0,381
2025-02-26,M0004,PL03,1396.0,304
2025-07-25,M0001,PL03,1488.0,175
2025-06-26,M0034,PL03,162.0,258
2025-02-19,M0109,PL02,275.0,183
2025-04-18,M0009,PL03,363.0,446
2025-08-24,M0063,PL03,1665.0,135
2025-01-31,M0010,PL02,774.0,124
2025-07-25,M0138,PL04,479.0,497
2025-08-03,M0178,PL01,688.0,184
2025-03-03,M0044,PL02,459.0,350
2025-01-20,M0118,PL03,1288.0,222
2025-05-01,M0176,PL01,538.0,262
2025-06-07,M0006,PL02,973.0,370
2025-08-09,M0121,PL01,1409.0,399
2025-05-15,M0152,PL01,84.0,68
2025-03-26,M0095,PL04,1731.0,168
2025-03-10,M0111,PL03,1339.0,352
2025-05-29,M0186,PL02,242.0,351
2025-01-10,M0105,PL03,1492.0,334
2025-07-13,M0064,PL04,879.0,276
2025-08-06,M0184,PL04,1365.0,261
2025-01-12,M0140,PL02,1200.0,405
2025-03-21,M0163,PL02,1153.0,238
2025-06-26,M0071,PL04,656.0,370
2025-06-04,M0104,PL02,1106.0,200
2025-08-02,M0089,PL01,1383.0,272
2025-01-15,M0006,PL01,87.0,177
2025-03-04,M0193,PL04,1555.0,297
2025-05-02,M0110,PL03,741.0,100
2025-06-22,M0188,PL02,1995.0,240
2025-02-11,M0112,PL02,984.0,286
2025-06-03,M0196,PL01,1661.0,71
2025-04-02,M0157,PL02,470.0,159
2025-07-11,M0166,PL03,1521.0,376
2025-03-17,M0150,PL02,1530.0,82
2025-04-06,M0127,PL02,1377.0,176
2025-05-13,M0136,PL01,415.0,414
2025-07-18,M0063,PL02,1074.0,405
2025-03-27,M0141,PL04,1623.0,93
2025-05-09,M0155,PL04,681.0,56
2025-02-27,M0146,PL03,1086.0,177
2025-03-29,M0018,PL03,1112.0,140
2025-06-27,M0077,PL03,1724.0,179
2025-04-18,M0190,PL03,1213.0,66
2025-08-20,M0142,PL01,898.0,370
2025-09-05,M0139,PL02,600.0,235
2025-07-30,M0103,PL01,1371.0,159
2025-08-11,M0117,PL03,1867.0,335
2025-03-02,M0017,PL02,1561.0,397
2025-06-24,M0179,PL04,1199.0,459
2025-06-03,M0014,PL01,1387.0,212
2025-08-23,M0057,PL02,775.0,496
2025-05-31,M0093,PL04,900.0,124
2025-05-21,M0134,PL04,1930.0,248
2025-07-14,M0114,PL03,1577.0,461
2025-08-01,M0185,PL04,482.0,458
2025-02-01,M0132,PL04,1142.0,494
2025-02-09,M0139,PL03,168.0,410
2025-05-04,M0109,PL02,1643.0,336
2025-08-06,M0119,PL02,146.0,231
2025-03-13,M0092,PL03,1711.0,146
2025-07-07,M0011,PL01,1460.0,100
2025-02-25,M0099,PL03,438.0,363
2025-06-04,M0008,PL02,887.0,83
2025-06-11,M0114,PL01,1212.0,492
2025-02-09,M0187,PL03,159.0,70
2025-02-07,M0149,PL02,813.0,233
2025-08-22,M0065,PL02,1883.0,342
2025-03-24,M0093,PL02,1955.0,113
2025-07-18,M0152,PL04,401.0,452
2025-09-04,M0158,PL04,585.0,173
2025-08-17,M0104,PL01,863.0,150
2025-03-29,M0099,PL01,1041.0,168
2025-01-28,M0084,PL01,139.0,390
2025-04-23,M0185,PL04,1138.0,127
2025-07-27,M0073,PL01,327.0,230
2025-03-11,M0145,PL02,224.0,248
2025-01-18,M0059,PL02,557.0,496
2025-08-02,M0031,PL01,438.0,409
2025-06-03,M0064,PL01,1573.0,239
2025-06-29,M0048,PL04,1741.0,377
2025-07-09,M0023,PL02,385.0,152
2025-02-17,M0198,PL03,520.0,382
2025-03-24,M0158,PL03,1276.0,415
2025-05-23,M0055,PL04,619.0,324
2025-08-14,M0007,PL04,1924.0,179
2025-08-13,M0112,PL04,1121.0,290
2025-01-18,M0106,PL02,786.0,183
2025-06-11,M0098,PL01,1094.0,206
2025-07-09,M0012,PL01,550.0,474
2025-08-04,M0060,PL04,1833.0,484
2025-08-20,M0052,PL02,1936.0,438
2025-08-31,M0155,PL03,446.0,474
2025-08-01,M0140,PL04,1113.0,367
2025-03-07,M0141,PL02,1453.0,207
2025-08-02,M0072,PL04,1242.0,408
2025-05-07,M0190,PL02,106.0,239
2025-08-11,M0125,PL02,1499.0,149
2025-04-18,M0157,PL04,915.0,460
2025-08-18,M0163,PL01,1477.0,483
2025-02-15,M0060,PL04,903.0,101
2025-08-20,M0157,PL01,1631.0,98
2025-08-28,M0031,PL01,1938.0,495
2025-01-28,M0077,PL03,543.0,149
2025-07-29,M0076,PL02,1149.0,493
2025-06-30,M0061,PL04,1170.0,431
2025-02-16,M0002,PL02,279.0,300
2025-06-30,M0161,PL03,23.0,423
2025-02-18,M0200,PL01,951.0,103
2025-04-14,M0190,PL04,1744.0,424
2025-07-27,M0121,PL02,119.0,438
2025-01-10,M0059,PL03,1809.0,186
2025-02-01,M0040,PL01,1675.0,211
2025-06-28,M0177,PL01,1320.0,403
2025-05-19,M0032,PL02,854.0,341
2025-04-12,M0038,PL01,1015.0,453
2025-03-01,M0092,PL03,943.0,130
2025-05-27,M0088,PL01,1105.0,269
2025-06-03,M0141,PL04,447.0,134
2025-03-08,M0085,PL04,1935.0,132
2025-04-02,M0182,PL02,1743.0,368
2025-03-08,M0076,PL03,995.0,116
2025-01-26,M0128,PL01,1942.0,463
2025-07-31,M0013,PL01,1493.0,283
2025-02-23,M0039,PL01,1446.0,247
2025-07-05,M0023,PL04,1568.0,308
2025-07-17,M0110,PL03,1047.0,226
2025-05-23,M0107,PL01,1084.0,347
2025-03-06,M0092,PL02,1846.0,329
2025-03-23,M0142,PL03,1724.0,349
2025-03-01,M0145,PL03,83.0,178
2025-01-25,M0024,PL01,224.0,420
2025-03-22,M0186,PL04,1703.0,487
2025-04-10,M0191,PL03,185.0,229
2025-02-25,M0034,PL02,374.0,341
2025-07-18,M0179,PL03,71.0,256
2025-01-14,M0112,PL04,73.0,343
2025-06-04,M0138,PL02,1920.0,477
2025-03-04,M0118,PL04,1364.0,387
2025-01-03,M0200,PL01,152.0,224
2025-08-18,M0149,PL03,95.0,78
2025-07-17,M0165,PL02,1588.0,228
2025-07-25,M0007,PL04,444.0,90
2025-05-01,M0090,PL01,1709.0,241
2025-06-03,M0013,PL02,1133.0,393
2025-04-13,M0080,PL03,1481.0,286
2025-05-14,M0030,PL03,827.0,353
2025-06-19,M0159,PL04,1074.0,274
2025-07-08,M0133,PL02,376.0,163
2025-03-28,M0160,PL01,764.0,327
2025-07-18,M0016,PL01,1096.0,404
2025-09-03,M0150,PL01,211.0,66
2025-06-09,M0192,PL04,1455.0,135
2025-01-12,M0172,PL01,723.0,438
2025-06-16,M0040,PL02,1786.0,366
2025-05-31,M0037,PL04,1191.0,394
2025-04-20,M0078,PL03,774.0,439
2025-06-28,M0016,PL04,330.0,230
2025-06-19,M0043,PL04,1765.0,386
2025-03-20,M0063,PL04,750.0,400
2025-04-03,M0015,PL02,1810.0,194
2025-08-14,M0172,PL03,1517.0,364
2025-07-21,M0137,PL03,1166.0,274
2025-05-29,M0065,PL04,1605.0,472
2025-05-18,M0044,PL04,1468.0,103
2025-04-29,M0020,PL04,823.0,431
2025-02-04,M0119,PL02,393.0,481
2025-06-11,M0198,PL02,511.0,470
2025-03-13,M0112,PL01,685.0,353
2025-08-23,M0123,PL03,1871.0,117
2025-07-06,M0161,PL01,620.0,156
2025-01-09,M0080,PL01,1738.0,383
2025-05-24,M0100,PL04,1720.0,126
2025-07-11,M0006,PL02,1826.0,76
2025-06-06,M0083,PL01,1351.0,393
2025-06-04,M0031,PL01,603.0,204
2025-08-10,M0066,PL01,1282.0,121
2025-02-15,M0018,PL04,1857.0,496
2025-06-29,M0028,PL04,1460.0,229
2025-01-28,M0068,PL02,717.0,96
2025-04-28,M0193,PL01,1587.0,291
2025-05-04,M0114,PL01,348.0,408
2025-06-12,M0173,PL02,1716.0,326
2025-07-18,M0058,PL02,1973.0,420
2025-08-17,M0175,PL02,1838.0,362
2025-02-18,M0194,PL03,514.0,154
2025-03-26,M0180,PL02,1472.0,144
2025-06-16,M0164,PL04,398.0,268
2025-08-31,M0129,PL03,1619.0,219
2025-07-14,M0039,PL02,213.0,415
2025-08-25,M0106,PL04,1569.0,481
2025-01-24,M0001,PL02,561.0,332
2025-04-18,M0075,PL02,1312.0,177
2025-04-13,M0088,PL03,1864.0,249
2025-05-11,M0142,PL04,1282.0,466
2025-01-17,M0199,PL01,257.0,381
2025-01-18,M0151,PL02,1411.0,84
2025-08-13,M0171,PL03,1807.0,403
2025-02-22,M0150,PL04,693.0,193
2025-02-25,M0060,PL02,1568.0,341
2025-09-04,M0155,PL01,1288.0,115
2025-06-09,M0184,PL04,1336.0,268
2025-05-01,M0130,PL04,1063.0,105
2025-02-19,M0167,PL03,997.0,194
2025-08-28,M0179,PL02,819.0,453
2025-04-20,M0110,PL02,209.0,262
2025-04-26,M0019,PL04,271.0,143
2025-01-08,M0062,PL02,1159.0,155
2025-05-03,M0071,PL04,598.0,133
2025-06-27,M0195,PL01,1083.0,185
2025-02-04,M0191,PL03,1533.0,195
2025-01-31,M0111,PL02,1699.0,298
2025-05-03,M0133,PL02,1538.0,67
2025-06-18,M0072,PL03,1038.0,451
2025-02-27,M0078,PL01,1637.0,174
2025-06-30,M0189,PL01,1022.0,51
2025-03-17,M0100,PL01,254.0,381
2025-09-07,M0071,PL01,736.0,249
2025-01-03,M0007,PL01,721.0,484
2025-06-30,M0050,PL04,534.0,187
2025-08-24,M0046,PL02,1258.0,252
2025-02-16,M0072,PL02,1154.0,447
2025-03-20,M0076,PL02,1693.0,331
2025-02-03,M0074,PL04,1708.0,352
2025-06-16,M0142,PL03,1023.0,79
2025-02-13,M0073,PL01,16.0,105
2025-06-15,M0102,PL03,881.0,168
2025-02-13,M0094,PL01,953.0,475
2025-07-08,M0069,PL01,825.0,181
2025-08-06,M0065,PL03,991.0,280
2025-08-30,M0193,PL02,877.0,444
2025-03-11,M0185,PL04,184.0,201
2025-01-25,M0062,PL03,1414.0,470
2025-06-26,M0020,PL02,1446.0,435
2025-06-07,M0154,PL01,1869.0,445
2025-05-15,M0044,PL02,1465.0,70
2025-08-14,M0195,PL01,,497
2025-07-22,M0198,PL01,1678.0,117
2025-08-03,M0062,PL02,1579.0,175
2025-07-04,M0107,PL01,1035.0,92
2025-02-28,M0125,PL04,1543.0,231
2025-07-27,M0045,PL02,79.0,149
2025-07-27,M0011,PL03,808.0,428
2025-01-16,M0200,PL01,1697.0,495
2025-04-16,M0162,PL01,301.0,398
2025-06-22,M0088,PL04,1239.0,445
2025-08-22,M0046,PL04,1271.0,289
2025-03-04,M0112,PL03,1564.0,434
2025-02-17,M0081,PL01,1295.0,249
2025-07-07,M0032,PL03,132.0,466
2025-03-02,M0098,PL03,1028.0,497
2025-04-22,M0005,PL01,755.0,165
2025-03-22,M0191,PL03,1565.0,164
2025-03-20,M0029,PL03,628.0,191
2025-08-19,M0048,PL04,1713.0,168
2025-01-04,M0016,PL04,1009.0,142
2025-01-25,M0153,PL03,772.0,447
2025-08-17,M0072,PL01,1770.0,58
2025-05-20,M0029,PL04,140.0,122
2025-01-26,M0180,PL03,482.0,75
2025-06-16,M0046,PL02,1328.0,482
2025-07-22,M0153,PL02,344.0,288
2025-03-21,M0023,PL03,1585.0,411
2025-03-16,M0162,PL02,1293.0,194
2025-03-10,M0195,PL04,1131.0,117
2025-02-13,M0094,PL01,1581.0,237
2025-03-17,M0114,PL03,473.0,415
2025-07-14,M0034,PL04,1105.0,180
2025-09-06,M0160,PL01,1661.0,270
2025-05-22,M0117,PL02,1107.0,330
2025-08-12,M0029,PL02,1313.0,326
2025-08-07,M0009,PL02,1094.0,189
2025-03-11,M0194,PL02,174.0,103
2025-02-09,M0185,PL04,1851.0,50
2025-06-21,M0039,PL04,841.0,177
2025-06-21,M0135,PL01,1486.0,50
2025-01-08,M0110,PL03,1872.0,222
2025-02-10,M0069,PL01,1418.0,479
2025-06-27,M0136,PL03,865.0,481
2025-03-13,M0096,PL02,1114.0,440
2025-03-04,M0119,PL02,468.0,315
2025-07-26,M0118,PL02,1886.0,448
2025-08-03,M0018,PL02,1457.0,345
2025-07-13,M0102,PL04,1272.0,305
2025-04-05,M0110,PL01,643.0,444
2025-01-02,M0082,PL03,680.0,489
2025-06-28,M0177,PL03,954.0,223
2025-06-03,M0105,PL04,1595.0,94
2025-03-20,M0016,PL02,1904.0,392
2025-04-23,M0021,PL01,848.0,190
2025-04-16,M0138,PL02,240.0,76
2025-03-31,M0106,PL04,701.0,282
2025-06-29,M0132,PL03,1519.0,258
2025-08-17,M0044,PL04,339.0,99
2025-08-29,M0123,PL03,792.0,110
2025-01-24,M0136,PL01,743.0,292
2025-01-31,M0111,PL03,1494.0,318
2025-06-21,M0117,PL01,462.0,189
2025-07-08,M0126,PL02,800.0,206
2025-05-12,M0183,PL02,1298.0,134
2025-04-20,M0019,PL04,,133
2025-06-18,M0064,PL01,14.0,325
2025-01-17,M0040,PL02,1064.0,80
2025-09-08,M0051,PL01,1988.0,57
2025-03-28,M0137,PL02,207.0,329
2025-04-17,M0158,PL02,1083.0,252
2025-03-12,M0056,PL03,364.0,472
2025-01-03,M0081,PL04,1263.0,82
2025-06-06,M0172,PL03,607.0,347
2025-07-25,M0187,PL01,1813.0,192
2025-05-28,M0143,PL02,1962.0,498
2025-03-14,M0196,PL04,159.0,465
2025-01-27,M0070,PL02,396.0,444
2025-03-21,M0128,PL02,1957.0,399
2025-05-07,M0126,PL03,793.0,86
2025-03-31,M0061,PL01,499.0,196
2025-02-19,M0080,PL04,208.0,484
2025-06-08,M0121,PL04,1156.0,277
2025-05-19,M0101,PL04,1404.0,83
2025-06-08,M0151,PL01,432.0,493
2025-06-30,M0077,PL04,608.0,286
2025-01-17,M0175,PL01,1754.0,261
2025-08-18,M0145,PL04,388.0,358
2025-02-19,M0185,PL02,996.0,189
2025-04-30,M0126,PL01,582.0,239
2025-01-10,M0182,PL03,431.0,145
2025-03-23,M0180,PL04,1297.0,243
2025-03-21,M0022,PL03,350.0,410
2025-08-01,M0083,PL01,133.0,353
2025-06-12,M0167,PL02,1089.0,345
2025-02-04,M0141,PL03,638.0,201
2025-03-18,M0078,PL03,1228.0,483
2025-08-03,M0095,PL02,1321.0,272
2025-03-25,M0109,PL02,116.0,245
2025-01-24,M0194,PL01,1971.0,137
2025-06-25,M0110,PL04,1290.0,348
2025-06-12,M0052,PL03,1817.0,66
2025-06-09,M0103,PL03,148.0,260
2025-01-15,M0101,PL01,1217.0,281
2025-05-11,M0142,PL04,1703.0,407
2025-08-21,M0063,PL01,1847.0,232
2025-07-31,M0199,PL03,1909.0,211
2025-02-15,M0028,PL03,178.0,416
2025-04-09,M0046,PL02,147.0,119
2025-08-09,M0028,PL02,464.0,109
2025-01-20,M0002,PL04,975.0,228
2025-06-20,M0127,PL03,568.0,126
2025-08-19,M0017,PL03,1028.0,84
2025-07-30,M0059,PL02,525.0,467
2025-07-19,M0180,PL01,279.0,65
2025-01-19,M0132,PL01,498.0,451
2025-01-07,M0077,PL03,835.0,343
2025-06-14,M0131,PL03,435.0,220
2025-02-21,M0115,PL04,815.0,81
2025-03-23,M0165,PL04,1239.0,312
2025-04-09,M0097,PL02,686.0,264
2025-03-23,M0105,PL03,827.0,95
2025-06-07,M0024,PL01,968.0,238
2025-03-10,M0200,PL04,1538.0,323
2025-02-16,M0035,PL02,1910.0,120
2025-07-11,M0002,PL02,1160.0,345
2025-05-28,M0033,PL01,611.0,137
2025-06-01,M0076,PL04,594.0,383
2025-02-14,M0086,PL01,1303.0,483
2025-01-10,M0138,PL02,131.0,310
2025-06-12,M0081,PL03,392.0,231
2025-09-02,M0062,PL01,480.0,391
2025-02-14,M0043,PL02,1536.0,491
2025-03-03,M0197,PL03,627.0,71
2025-05-03,M0121,PL03,418.0,123
2025-04-08,M0059,PL04,1225.0,139
2025-07-02,M0009,PL04,651.0,384
2025-04-08,M0077,PL02,657.0,215
2025-04-21,M0188,PL01,461.0,283
2025-05-30,M0063,PL03,1801.0,424
2025-06-19,M0052,PL04,1225.0,482
2025-08-28,M0023,PL04,1937.0,178
2025-04-19,M0030,PL01,151.0,383
2025-06-03,M0171,PL04,1920.0,341
2025-02-14,M0196,PL02,221.0,144
2025-07-18,M0021,PL01,78.0,77
2025-02-12,M0043,PL03,1223.0,403
2025-05-26,M0135,PL02,1785.0,84
2025-03-30,M0016,PL03,98.0,493
2025-03-01,M0023,PL03,911.0,280
2025-03-01,M0186,PL04,212.0,367
2025-05-18,M0087,PL02,1166.0,392
2025-04-09,M0031,PL02,701.0,479
2025-01-24,M0121,PL01,1412.0,413
2025-05-26,M0069,PL02,1836.0,174
2025-03-06,M0134,PL01,1397.0,128
2025-01-24,M0115,PL02,1075.0,430
2025-08-02,M0193,PL03,966.0,110
2025-01-17,M0059,PL01,1647.0,498
2025-06-10,M0156,PL02,134.0,266
2025-07-30,M0146,PL01,410.0,331
2025-05-19,M0077,PL04,1493.0,212
2025-07-20,M0138,PL04,1135.0,106
2025-07-13,M0007,PL01,1548.0,240
2025-02-19,M0037,PL01,784.0,181
2025-06-05,M0173,PL03,1768.0,91
2025-06-23,M0086,PL02,1067.0,222
2025-01-05,M0016,PL04,1420.0,216
2025-08-02,M0116,PL04,1608.0,299
2025-06-09,M0118,PL02,260.0,242
2025-07-23,M0014,PL04,742.0,327
2025-03-01,M0139,PL04,544.0,444
2025-07-20,M0087,PL01,387.0,287
2025-07-23,M0162,PL04,1499.0,279
2025-03-20,M0188,PL04,1433.0,214
2025-02-02,M0104,PL04,1603.0,292
2025-03-13,M0141,PL02,15.0,139
2025-06-17,M0167,PL03,661.0,228
2025-06-11,M0044,PL01,1827.0,107
2025-08-08,M0028,PL03,101.0,312
2025-02-08,M0168,PL04,1209.0,185
2025-03-17,M0016,PL04,950.0,287
2025-01-01,M0050,PL04,930.0,356
2025-04-07,M0115,PL03,24.0,292
2025-04-19,M0156,PL02,1095.0,200
2025-06-22,M0068,PL02,1616.0,395
2025-02-15,M0092,PL01,1596.0,413
2025-05-12,M0121,PL03,17.0,296
2025-07-10,M0188,PL02,1777.0,268
2025-02-18,M0140,PL01,569.0,58
2025-03-11,M0016,PL04,1016.0,479
2025-04-15,M0053,PL04,1355.0,343
2025-02-18,M0182,PL01,1912.0,416
2025-02-21,M0049,PL02,1592.0,62
2025-07-26,M0164,PL03,1120.0,312
2025-03-18,M0062,PL01,1750.0,444
2025-06-22,M0084,PL02,830.0,274
2025-05-13,M0154,PL01,1035.0,280
2025-05-18,M0056,PL02,1034.0,227
2025-06-04,M0120,PL04,1932.0,296
2025-02-28,M0090,PL01,162.0,116
2025-09-01,M0150,PL03,1306.0,346
2025-03-02,M0120,PL01,1752.0,206
2025-03-07,M0073,PL04,871.0,214
2025-02-23,M0069,PL04,834.0,233
2025-05-01,M0177,PL02,1264.0,257
2025-04-05,M0098,PL04,856.0,65
2025-01-27,M0002,PL02,1068.0,349
2025-08-29,M0053,PL04,969.0,355
2025-09-03,M0119,PL02,592.0,290
2025-07-08,M0007,PL03,254.0,279
2025-05-15,M0148,PL02,66.0,439
2025-04-08,M0158,PL02,917.0,67
2025-04-22,M0075,PL03,613.0,196
2025-08-20,M0095,PL02,973.0,293
2025-06-06,M0195,PL02,602.0,100
2025-03-07,M0187,PL03,1065.0,499
2025-07-07,M0194,PL04,1811.0,308
2025-01-10,M0003,PL01,1839.0,287
2025-05-10,M0184,PL02,1809.0,295
2025-04-22,M0079,PL04,383.0,394
2025-07-18,M0017,PL01,1612.0,359
2025-07-26,M0112,PL03,1257.0,98
2025-04-03,M0052,PL02,965.0,333
2025-07-27,M0007,PL02,1737.0,87
2025-03-15,M0112,PL03,484.0,333
2025-02-14,M0133,PL02,1756.0,81
2025-03-14,M0054,PL01,1797.0,292
2025-03-05,M0061,PL01,38.0,90
2025-07-06,M0109,PL03,10.0,341
2025-05-24,M0016,PL02,623.0,152
2025-02-15,M0195,PL04,408.0,341
2025-04-09,M0187,PL02,107.0,156
2025-08-30,M0047,PL03,1117.0,295
2025-06-08,M0048,PL04,1846.0,431
2025-08-30,M0121,PL01,83.0,136
2025-02-04,M0064,PL01,57.0,115
2025-05-22,M0050,PL04,1316.0,187
2025-03-26,M0041,PL04,1039.0,375
2025-03-29,M0200,PL03,990.0,249
2025-01-06,M0022,PL02,1500.0,384
2025-04-26,M0115,PL01,837.0,142
2025-03-10,M0182,PL02,604.0,496
2025-02-22,M0005,PL01,968.0,397
2025-03-29,M0145,PL02,164.0,327
2025-07-30,M0101,PL01,436.0,69
2025-08-02,M0078,PL02,726.0,338
2025-01-06,M0041,PL03,1679.0,448
2025-05-28,M0092,PL01,1809.0,440
2025-08-09,M0163,PL03,402.0,139
2025-03-30,M0168,PL01,1963.0,99
2025-02-11,M0022,PL01,1409.0,59
2025-09-07,M0176,PL01,1977.0,128
2025-07-14,M0053,PL02,,86
2025-08-07,M0093,PL01,715.0,108
2025-05-24,M0010,PL03,813.0,137
2025-06-12,M0146,PL02,721.0,153
2025-08-20,M0049,PL02,530.0,368
2025-08-28,M0071,PL01,1829.0,326
2025-05-14,M0158,PL04,292.0,153
2025-07-26,M0019,PL02,1498.0,303
2025-06-09,M0055,PL01,1022.0,279
2025-04-06,M0188,PL03,1903.0,384
2025-06-05,M0200,PL04,461.0,86
2025-03-11,M0021,PL02,1836.0,350
2025-08-14,M0026,PL04,1396.0,191
2025-08-24,M0028,PL02,1185.0,92
2025-05-03,M0167,PL04,641.0,165
2025-08-04,M0161,PL04,43.0,390
2025-06-11,M0040,PL03,1888.0,133
2025-08-10,M0029,PL04,1106.0,466
2025-01-03,M0020,PL03,891.0,308
2025-03-05,M0020,PL01,635.0,409
2025-05-26,M0074,PL02,538.0,136
2025-04-20,M0140,PL03,1839.0,477
2025-07-26,M0120,PL02,861.0,416
2025-08-20,M0097,PL03,518.0,392
2025-06-04,M0120,PL02,1434.0,396
2025-08-12,M0025,PL03,1364.0,340
2025-09-03,M0153,PL02,710.0,458
2025-04-19,M0004,PL01,1647.0,145
2025-03-14,M0004,PL02,88.0,304
2025-03-25,M0137,PL01,1663.0,391
2025-02-23,M0143,PL01,1253.0,185
2025-03-24,M0026,PL01,1041.0,297
2025-06-03,M0079,PL04,1824.0,421
2025-01-25,M0090,PL02,672.0,495
2025-08-03,M0071,PL04,863.0,451
2025-08-09,M0160,PL04,889.0,141
2025-05-01,M0076,PL02,1304.0,461
2025-04-14,M0099,PL01,1933.0,445
2025-03-26,M0180,PL04,421.0,497
2025-01-12,M0127,PL04,1701.0,296
2025-03-08,M0032,PL03,1795.0,307
2025-04-28,M0009,PL02,875.0,236
2025-02-01,M0078,PL04,701.0,470
2025-07-25,M0013,PL02,337.0,173
2025-05-21,M0184,PL02,265.0,309
2025-05-14,M0124,PL04,802.0,218
2025-02-21,M0172,PL02,1378.0,478
2025-01-02,M0096,PL01,359.0,414
2025-01-10,M0083,PL04,1013.0,160
2025-07-15,M0158,PL04,1814.0,339
2025-06-01,M0144,PL04,216.0,136
2025-07-24,M0140,PL03,320.0,62
2025-05-31,M0194,PL03,849.0,312
2025-03-29,M0018,PL03,718.0,337
2025-03-12,M0141,PL03,1688.0,72
2025-02-04,M0093,PL04,991.0,482
2025-05-21,M0024,PL01,1716.0,249
2025-05-11,M0102,PL02,1235.0,291
2025-09-01,M0140,PL02,1808.0,288
2025-04-27,M0060,PL04,952.0,352
2025-02-24,M0060,PL01,1226.0,214
2025-08-28,M0100,PL02,716.0,275
2025-03-12,M0001,PL01,984.0,225
2025-03-14,M0043,PL04,1939.0,78
2025-07-09,M0055,PL03,895.0,214
2025-07-06,M0168,PL01,1176.0,72
2025-06-06,M0192,PL02,1705.0,343
2025-06-15,M0034,PL02,1452.0,432
2025-04-13,M0034,PL02,1776.0,93
2025-06-20,M0176,PL03,286.0,310
2025-04-07,M0161,PL01,756.0,229
2025-05-13,M0196,PL01,1344.0,345
2025-09-04,M0158,PL02,1459.0,188
2025-04-22,M0110,PL01,1615.0,383
2025-04-21,M0084,PL02,,297
2025-04-26,M0090,PL01,1627.0,290
2025-05-31,M0079,PL03,1172.0,155
2025-05-18,M0071,PL03,541.0,435
2025-06-06,M0071,PL04,634.0,468
2025-05-29,M0114,PL04,1922.0,222
2025-03-08,M0029,PL04,1505.0,98
2025-04-27,M0151,PL01,1349.0,172
2025-01-05,M0162,PL03,938.0,84
2025-04-15,M0143,PL03,1052.0,155
2025-06-29,M0097,PL03,1282.0,377
2025-01-28,M0053,PL02,697.0,465
2025-04-28,M0145,PL01,1952.0,245
2025-06-29,M0064,PL01,74.0,158
2025-08-07,M0061,PL04,1580.0,174
2025-08-07,M0185,PL02,1604.0,376
2025-06-14,M0108,PL02,497.0,344
2025-01-06,M0037,PL03,1439.0,481
2025-08-12,M0135,PL04,1902.0,396
2025-08-10,M0008,PL01,721.0,86
2025-08-10,M0078,PL02,1774.0,237
2025-08-07,M0068,PL03,1363.0,386
2025-04-21,M0021,PL01,307.0,437
2025-05-30,M0189,PL03,703.0,72
2025-01-14,M0094,PL01,883.0,447
2025-01-22,M0075,PL03,1638.0,310
2025-08-05,M0157,PL01,1264.0,243
2025-03-08,M0153,PL04,252.0,415
2025-06-09,M0186,PL01,935.0,201
2025-04-23,M0142,PL01,1243.0,67
2025-08-21,M0078,PL01,396.0,76
2025-01-22,M0066,PL03,985.0,73
2025-01-21,M0182,PL02,1359.0,78
2025-01-07,M0195,PL01,1752.0,188
2025-09-04,M0158,PL01,1737.0,195
2025-07-14,M0146,PL04,1052.0,172
2025-02-25,M0054,PL01,493.0,177
2025-07-24,M0100,PL04,958.0,417
2025-05-15,M0021,PL01,1747.0,166
2025-03-08,M0053,PL03,1525.0,181
2025-07-23,M0083,PL02,1177.0,338
2025-09-01,M0144,PL02,991.0,255
2025-09-01,M0156,PL02,1254.0,285
2025-07-03,M0004,PL03,101.0,91
2025-08-27,M0055,PL04,826.0,209
2025-08-31,M0015,PL02,176.0,301
2025-04-25,M0064,PL03,1716.0,228
2025-01-27,M0193,PL03,983.0,174
2025-03-28,M0112,PL01,926.0,309
2025-04-11,M0144,PL04,231.0,325
2025-05-03,M0118,PL03,11.0,262
2025-08-01,M0020,PL04,1209.0,373
2025-04-02,M0064,PL02,760.0,239
2025-04-18,M0033,PL02,931.0,107
2025-04-21,M0081,PL02,265.0,480
2025-07-06,M0197,PL01,1925.0,252
2025-03-25,M0126,PL01,1158.0,129
2025-01-01,M0069,PL04,756.0,492
2025-06-17,M0186,PL04,1054.0,277
2025-03-28,M0167,PL01,1882.0,439
2025-01-20,M0164,PL03,455.0,144
2025-05-19,M0094,PL04,258.0,473
2025-07-06,M0068,PL04,1127.0,456
2025-05-10,M0087,PL02,430.0,485
2025-04-19,M0021,PL04,1405.0,53
2025-08-30,M0063,PL04,468.0,214
2025-01-06,M0085,PL03,1536.0,475
2025-06-25,M0134,PL04,1964.0,349
2025-01-25,M0024,PL03,1973.0,430
2025-04-09,M0111,PL02,1969.0,91
2025-05-06,M0181,PL01,1230.0,334
2025-06-19,M0095,PL02,646.0,278
2025-03-16,M0083,PL03,446.0,452
2025-03-08,M0102,PL03,782.0,292
2025-05-25,M0078,PL04,1112.0,261
2025-08-16,M0178,PL04,194.0,465
2025-07-05,M0124,PL01,,349
2025-06-24,M0140,PL03,1145.0,104
2025-02-16,M0184,PL03,461.0,385
2025-02-22,M0120,PL02,1139.0,438
2025-03-14,M0015,PL01,195.0,418
2025-06-27,M0083,PL02,35.0,479
2025-02-23,M0168,PL04,66.0,222
2025-09-06,M0169,PL04,644.0,326
2025-09-05,M0197,PL02,1304.0,383
2025-04-05,M0197,PL04,1502.0,278
2025-06-06,M0006,PL02,1034.0,455
2025-08-16,M0067,PL03,1991.0,79
2025-06-13,M0161,PL03,1753.0,72
2025-04-22,M0171,PL04,321.0,54
2025-05-28,M0122,PL01,1691.0,112
2025-05-13,M0149,PL03,239.0,270
2025-03-25,M0084,PL04,1016.0,364
2025-01-05,M0193,PL01,1083.0,131
2025-08-15,M0111,PL04,649.0,291
2025-09-07,M0145,PL02,561.0,302
2025-08-26,M0136,PL04,1702.0,101
2025-03-13,M0064,PL02,164.0,370
2025-03-24,M0126,PL03,830.0,88
2025-07-14,M0028,PL03,188.0,308
2025-08-21,M0098,PL04,1510.0,475
2025-01-05,M0141,PL01,91.0,376
2025-06-15,M0013,PL04,1829.0,460
2025-03-27,M0166,PL04,1911.0,461
2025-07-20,M0153,PL03,288.0,487
2025-04-15,M0190,PL03,1532.0,320
2025-04-15,M0151,PL04,1098.0,486
2025-08-08,M0086,PL03,1580.0,121
2025-07-01,M0021,PL02,1451.0,119
2025-05-28,M0182,PL04,1408.0,269
2025-07-22,M0063,PL03,1076.0,53
2025-08-31,M0158,PL04,174.0,399
2025-02-28,M0196,PL03,1696.0,450
2025-05-05,M0111,PL02,1602.0,339
2025-03-29,M0076,PL02,473.0,429
2025-03-21,M0073,PL04,1934.0,439
2025-01-12,M0160,PL02,1384.0,341
2025-02-04,M0152,PL02,269.0,404
2025-07-31,M0007,PL03,406.0,280
2025-07-02,M0072,PL04,1147.0,472
2025-07-11,M0129,PL03,693.0,129
2025-08-19,M0131,PL03,375.0,115
2025-03-09,M0104,PL01,1415.0,185
2025-08-19,M0028,PL02,181.0,448
2025-02-15,M0043,PL03,35.0,240
2025-07-23,M0097,PL03,1235.0,396
2025-05-24,M0046,PL03,1919.0,385
2025-04-22,M0001,PL02,1971.0,498
2025-01-19,M0166,PL02,133.0,108
2025-05-01,M0102,PL02,864.0,315
2025-08-01,M0035,PL04,923.0,56
2025-06-29,M0054,PL03,689.0,417
2025-05-18,M0024,PL02,1701.0,251
2025-05-31,M0156,PL03,1949.0,381
2025-02-12,M0022,PL04,490.0,286
2025-08-19,M0016,PL01,1872.0,317
2025-03-26,M0013,PL04,840.0,128
2025-07-25,M0100,PL02,987.0,95
2025-04-25,M0100,PL02,1461.0,292
2025-02-01,M0062,PL04,838.0,337
2025-03-18,M0171,PL03,1069.0,209
2025-09-03,M0087,PL02,667.0,164
2025-01-09,M0078,PL02,1424.0,163
2025-08-05,M0160,PL04,1511.0,175
2025-02-03,M0067,PL03,1019.0,139
2025-03-26,M0091,PL04,431.0,110
2025-01-15,M0185,PL04,1451.0,366
2025-09-08,M0193,PL03,747.0,151
2025-08-09,M0197,PL03,827.0,163
2025-06-24,M0177,PL01,1595.0,223
2025-08-08,M0033,PL04,516.0,141
2025-03-03,M0115,PL03,1988.0,232
2025-05-18,M0019,PL02,461.0,434
2025-03-24,M0164,PL01,965.0,254
2025-08-12,M0198,PL04,1926.0,412
2025-06-30,M0124,PL03,180.0,244
2025-05-06,M0143,PL01,144.0,354
2025-04-20,M0120,PL01,1850.0,74
2025-07-10,M0097,PL02,1288.0,283
2025-02-14,M0024,PL01,734.0,65
2025-07-13,M0027,PL04,405.0,190
2025-04-07,M0177,PL03,,485
2025-08-12,M0075,PL01,968.0,157
2025-08-01,M0023,PL01,954.0,469
2025-03-19,M0161,PL04,1871.0,349
2025-05-12,M0041,PL02,483.0,388
2025-07-22,M0056,PL02,481.0,352
2025-01-19,M0157,PL03,1260.0,429
2025-06-11,M0159,PL04,1548.0,129
2025-04-16,M0193,PL02,338.0,125
2025-07-14,M0098,PL03,267.0,325
2025-07-13,M0146,PL03,1955.0,451
2025-03-05,M0006,PL02,265.0,487
2025-05-13,M0180,PL04,527.0,317
2025-06-15,M0040,PL01,1115.0,161
2025-03-15,M0193,PL02,1271.0,458
2025-05-27,M0042,PL01,1042.0,365
2025-03-04,M0196,PL01,871.0,124
2025-07-14,M0032,PL04,1413.0,263
2025-07-11,M0010,PL04,1411.0,415
2025-04-15,M0069,PL03,925.0,83
2025-08-09,M0009,PL04,1638.0,190
2025-05-24,M0069,PL03,1118.0,215
2025-08-11,M0189,PL02,429.0,445
2025-01-14,M0139,PL01,794.0,280
2025-06-21,M0099,PL04,940.0,341
2025-04-09,M0196,PL02,1748.0,77
2025-02-20,M0074,PL03,1060.0,344
2025-03-24,M0103,PL04,1416.0,382
2025-05-12,M0123,PL01,1596.0,476
2025-03-31,M0102,PL02,1314.0,409
2025-02-26,M0008,PL04,1897.0,140
2025-01-05,M0177,PL04,302.0,164
2025-07-04,M0152,PL02,1779.0,208
2025-08-04,M0161,PL03,1940.0,307
2025-01-22,M0019,PL03,400.0,422
2025-01-06,M0002,PL04,822.0,387
2025-07-17,M0055,PL03,343.0,139
2025-01-21,M0139,PL03,862.0,294
2025-08-06,M0017,PL02,517.0,347
2025-07-15,M0170,PL03,1400.0,80
2025-02-06,M0061,PL03,1954.0,366
2025-04-23,M0131,PL02,1841.0,407
2025-05-21,M0086,PL04,164.0,361
2025-05-28,M0035,PL04,1036.0,277
2025-04-07,M0103,PL02,24.0,388
2025-06-03,M0066,PL01,1759.0,177
2025-03-27,M0001,PL02,1146.0,319
2025-01-22,M0135,PL01,128.0,319
2025-09-05,M0148,PL03,816.0,462
2025-07-26,M0171,PL04,1657.0,258
2025-06-06,M0119,PL01,1570.0,227
2025-06-16,M0134,PL01,1017.0,355
2025-02-23,M0055,PL03,594.0,240
2025-01-01,M0100,PL04,1332.0,406
2025-07-14,M0021,PL03,435.0,498
2025-03-17,M0051,PL04,181.0,117
2025-06-14,M0174,PL04,1611.0,376
2025-08-24,M0163,PL03,615.0,316
2025-05-09,M0100,PL01,743.0,319
2025-08-09,M0008,PL02,1838.0,411
2025-04-05,M0068,PL04,42.0,409
2025-02-07,M0107,PL04,403.0,436
2025-08-21,M0144,PL02,1952.0,177
2025-08-11,M0067,PL02,604.0,313
2025-08-20,M0199,PL03,655.0,270
2025-07-01,M0192,PL04,1789.0,291
2025-05-06,M0002,PL03,1613.0,293
2025-04-28,M0001,PL02,262.0,476
2025-03-31,M0186,PL03,69.0,442
2025-05-15,M0001,PL04,660.0,68
2025-04-07,M0102,PL01,1315.0,445
2025-07-14,M0115,PL01,1237.0,204
2025-05-02,M0135,PL04,871.0,278
2025-01-13,M0088,PL03,821.0,417
2025-08-17,M0197,PL02,146.0,107
2025-02-25,M0092,PL02,24.0,330
2025-04-10,M0018,PL01,1346.0,94
2025-03-25,M0088,PL03,1132.0,151
2025-04-17,M0160,PL02,692.0,97
2025-02-07,M0173,PL02,250.0,99
2025-01-14,M0033,PL04,481.0,130
2025-08-31,M0073,PL03,714.0,349
2025-02-19,M0177,PL03,815.0,108
2025-07-11,M0161,PL02,681.0,210
2025-04-19,M0199,PL03,174.0,152
2025-02-25,M0196,PL03,1370.0,383
2025-03-06,M0028,PL03,1193.0,461
2025-03-19,M0087,PL04,1.0,323
2025-06-24,M0053,PL02,1669.0,232
2025-03-14,M0044,PL01,638.0,466
2025-02-24,M0080,PL03,1581.0,165
2025-06-10,M0183,PL02,705.0,411
2025-06-02,M0138,PL01,361.0,448
2025-03-08,M0014,PL04,1744.0,494
2025-04-14,M0103,PL02,1319.0,316
2025-05-11,M0036,PL04,569.0,213
2025-07-19,M0034,PL02,589.0,192
2025-06-03,M0088,PL04,201.0,486
2025-04-07,M0146,PL02,1004.0,367
2025-07-11,M0016,PL04,1312.0,353
2025-07-09,M0165,PL01,1085.0,143
2025-07-03,M0041,PL02,1525.0,299
2025-03-04,M0025,PL01,1803.0,448
2025-03-01,M0126,PL03,125.0,496
2025-01-27,M0008,PL01,991.0,392
2025-05-18,M0112,PL02,48.0,476
2025-01-19,M0094,PL01,1623.0,355
2025-06-22,M0084,PL02,845.0,365
2025-09-04,M0146,PL04,1796.0,289
2025-02-08,M0068,PL03,178.0,108
2025-02-20,M0176,PL01,1604.0,64
2025-02-26,M0198,PL03,1902.0,334
2025-04-05,M0067,PL01,1951.0,252
2025-04-23,M0146,PL02,492.0,286
2025-06-23,M0111,PL01,1456.0,345
2025-04-18,M0018,PL03,571.0,336
2025-01-23,M0056,PL01,301.0,122
2025-05-03,M0151,PL03,963.0,263
2025-07-02,M0035,PL03,1784.0,60
2025-08-04,M0134,PL02,989.0,386
2025-07-10,M0118,PL04,1192.0,274
2025-08-19,M0026,PL04,976.0,367
2025-01-13,M0061,PL01,1986.0,252
2025-04-25,M0088,PL03,268.0,280
2025-08-14,M0015,PL02,1387.0,441
2025-02-26,M0091,PL04,623.0,100
2025-08-03,M0032,PL02,99.0,106
2025-02-01,M0140,PL02,1937.0,181
2025-08-15,M0133,PL03,214.0,469
2025-04-25,M0064,PL01,624.0,452
2025-03-19,M0199,PL03,96.0,329
2025-03-13,M0086,PL04,818.0,346
2025-08-10,M0155,PL04,629.0,354
2025-04-02,M0045,PL02,547.0,274
2025-04-29,M0035,PL03,336.0,223
2025-04-29,M0026,PL03,358.0,341
2025-08-15,M0023,PL02,1313.0,315
2025-04-20,M0141,PL01,1419.0,296
2025-02-14,M0131,PL02,1924.0,127
2025-06-22,M0029,PL02,815.0,184
2025-04-16,M0194,PL04,359.0,189
2025-08-16,M0064,PL03,1014.0,391
2025-02-04,M0156,PL04,346.0,302
2025-04-10,M0164,PL02,1147.0,225
2025-03-04,M0113,PL03,551.0,470
2025-08-30,M0134,PL02,1676.0,469
2025-04-11,M0139,PL02,537.0,109
2025-04-24,M0166,PL01,653.0,401
2025-05-18,M0118,PL04,1887.0,303
2025-03-22,M0162,PL04,1930.0,57
2025-06-28,M0067,PL02,421.0,440
2025-01-11,M0108,PL01,335.0,156
2025-05-11,M0174,PL02,1526.0,220
2025-06-07,M0086,PL02,56.0,107
2025-08-19,M0029,PL02,1685.0,386
2025-08-21,M0060,PL01,1016.0,391
2025-05-22,M0054,PL03,1902.0,479
2025-08-23,M0093,PL01,911.0,339
2025-08-15,M0069,PL02,716.0,133
2025-06-04,M0117,PL03,1099.0,166
2025-05-06,M0009,PL02,1489.0,249
2025-07-28,M0126,PL01,284.0,71
2025-05-07,M0077,PL01,721.0,268
2025-03-09,M0010,PL03,385.0,275
2025-07-20,M0102,PL01,949.0,454
2025-05-07,M0196,PL02,769.0,320
2025-09-05,M0058,PL03,1282.0,438
2025-07-17,M0113,PL04,1500.0,151
2025-08-08,M0180,PL02,1719.0,194
2025-04-06,M0162,PL04,839.0,196
2025-06-06,M0106,PL03,10.0,310
2025-03-11,M0035,PL03,971.0,328
2025-06-25,M0103,PL02,671.0,388
2025-03-15,M0103,PL01,259.0,63
2025-06-16,M0161,PL02,392.0,315
2025-03-03,M0200,PL01,599.0,336
2025-08-29,M0160,PL01,1392.0,190
2025-03-15,M0183,PL02,1207.0,432
2025-08-03,M0097,PL03,1039.0,455
2025-05-09,M0136,PL02,755.0,342
2025-07-02,M0174,PL04,1529.0,472
2025-03-27,M0142,PL03,1109.0,443
2025-02-05,M0136,PL01,710.0,80
2025-05-31,M0106,PL03,1033.0,220
2025-04-01,M0071,PL02,476.0,404
2025-08-06,M0077,PL03,1187.0,254
2025-02-18,M0054,PL01,23.0,469
2025-04-25,M0021,PL01,1599.0,340
2025-07-11,M0111,PL03,311.0,160
2025-04-28,M0075,PL04,1261.0,117
2025-07-21,M0014,PL01,461.0,232
2025-03-06,M0002,PL04,1485.0,422
2025-08-13,M0189,PL01,1880.0,245
2025-07-31,M0108,PL03,1261.0,175
2025-08-11,M0145,PL01,21.0,224
2025-01-08,M0078,PL04,179.0,311
2025-09-04,M0048,PL04,1841.0,424
2025-07-12,M0091,PL03,1582.0,461
2025-07-20,M0136,PL04,790.0,335
2025-03-03,M0184,PL04,1759.0,204
2025-05-02,M0017,PL03,729.0,118
2025-04-10,M0197,PL01,1522.0,157
2025-04-30,M0012,PL03,1498.0,472
2025-04-18,M0166,PL01,748.0,84
2025-05-23,M0146,PL01,715.0,408
2025-05-02,M0026,PL01,338.0,93
2025-03-14,M0037,PL02,530.0,192
2025-01-07,M0070,PL01,691.0,260
2025-03-09,M0169,PL03,161.0,465
2025-08-12,M0079,PL03,1820.0,334
2025-02-08,M0170,PL03,1084.0,496
2025-01-06,M0090,PL02,1108.0,55
2025-09-03,M0041,PL04,1570.0,267
2025-08-10,M0175,PL02,489.0,76
2025-05-03,M0142,PL03,4.0,276
2025-04-18,M0129,PL03,75.0,333
2025-04-30,M0017,PL04,1276.0,438
2025-04-01,M0183,PL02,6.0,474
2025-01-21,M0053,PL03,680.0,105
2025-03-20,M0118,PL01,1665.0,417
2025-06-02,M0109,PL01,472.0,359
2025-04-24,M0159,PL03,1161.0,385
2025-03-31,M0190,PL01,1381.0,154
2025-02-21,M0136,PL04,,67
2025-03-18,M0158,PL03,837.0,254
2025-01-23,M0077,PL02,602.0,92
2025-01-20,M0080,PL03,1186.0,138
2025-03-23,M0194,PL04,317.0,123
2025-07-13,M0045,PL02,1481.0,206
2025-05-01,M0018,PL04,1276.0,315
2025-07-16,M0099,PL01,1224.0,183
2025-02-23,M0173,PL01,1555.0,138
2025-06-16,M0147,PL01,1764.0,285
2025-07-18,M0068,PL04,1698.0,181
2025-02-23,M0083,PL04,1188.0,278
2025-01-16,M0050,PL03,231.0,83
2025-06-09,M0025,PL02,327.0,132
2025-05-31,M0166,PL02,237.0,466
2025-01-15,M0121,PL04,1143.0,181
2025-07-21,M0164,PL04,949.0,477
2025-01-09,M0068,PL01,1886.0,403
2025-06-14,M0056,PL04,894.0,253
2025-07-03,M0039,PL01,1904.0,336
2025-01-12,M0063,PL04,618.0,385
2025-05-27,M0128,PL02,249.0,499
2025-08-06,M0135,PL03,1359.0,491
2025-03-13,M0122,PL04,1307.0,365
2025-07-09,M0186,PL01,197.0,307
2025-01-09,M0059,PL03,415.0,341
2025-07-23,M0048,PL01,731.0,174
2025-04-15,M0133,PL01,1418.0,493
2025-04-06,M0036,PL03,937.0,200
2025-04-12,M0088,PL03,1174.0,408
2025-04-02,M0025,PL03,1821.0,296
2025-07-05,M0173,PL04,1288.0,224
2025-05-10,M0019,PL03,1243.0,421
2025-02-08,M0135,PL04,1239.0,406
2025-03-03,M0186,PL02,1338.0,351
2025-07-10,M0066,PL02,1691.0,129
2025-03-16,M0080,PL01,215.0,156
2025-07-04,M0167,PL01,1358.0,349
2025-03-09,M0125,PL04,1382.0,452
2025-03-29,M0146,PL01,1649.0,354
2025-03-04,M0103,PL02,1184.0,393
2025-05-15,M0129,PL04,814.0,107
2025-09-03,M0191,PL04,609.0,140
2025-07-24,M0131,PL03,510.0,184
2025-03-27,M0127,PL04,917.0,399
2025-06-17,M0021,PL01,156.0,218
2025-06-18,M0126,PL02,161.0,383
2025-04-19,M0124,PL01,41.0,171
2025-04-04,M0158,PL02,1203.0,285
2025-03-04,M0011,PL03,302.0,448
2025-03-29,M0022,PL02,1353.0,125
2025-09-02,M0111,PL03,1586.0,358
2025-02-16,M0125,PL01,1013.0,72
2025-08-22,M0057,PL03,763.0,382
2025-02-21,M0089,PL04,1452.0,122
2025-08-10,M0131,PL04,1373.0,137
2025-06-23,M0158,PL02,119.0,152
2025-02-03,M0128,PL01,1098.0,143
2025-08-30,M0045,PL01,673.0,498
2025-04-16,M0036,PL02,660.0,365
2025-04-21,M0087,PL04,122.0,315
2025-01-09,M0118,PL03,652.0,302
2025-06-11,M0072,PL02,1205.0,407
2025-06-24,M0192,PL03,920.0,107
2025-08-23,M0182,PL03,,480
2025-08-23,M0068,PL01,1913.0,448
2025-06-21,M0178,PL04,788.0,58
2025-07-15,M0103,PL03,256.0,62
2025-01-04,M0159,PL04,1977.0,456
2025-08-09,M0029,PL01,1860.0,466
2025-09-03,M0187,PL02,756.0,442
2025-01-10,M0164,PL02,597.0,180
2025-03-08,M0105,PL01,1606.0,271
2025-04-30,M0073,PL01,1292.0,378
2025-01-08,M0119,PL03,1516.0,421
2025-08-07,M0085,PL01,1203.0,202
2025-05-27,M0195,PL02,790.0,430
2025-07-08,M0089,PL04,1172.0,416
2025-01-21,M0089,PL04,1541.0,120
2025-01-18,M0076,PL04,1171.0,469
2025-01-16,M0139,PL04,1867.0,394
2025-07-08,M0116,PL01,679.0,69
2025-03-04,M0139,PL01,1032.0,130
2025-07-28,M0154,PL04,1201.0,487
2025-03-20,M0053,PL01,795.0,277
2025-05-30,M0142,PL03,1418.0,395
2025-07-12,M0064,PL01,1651.0,68
2025-06-20,M0138,PL03,607.0,493
2025-04-03,M0031,PL03,330.0,214
2025-07-31,M0036,PL01,1879.0,417
2025-04-18,M0010,PL04,55.0,436
2025-01-20,M0026,PL03,1230.0,156
2025-01-21,M0020,PL01,104.0,426
2025-06-03,M0125,PL02,546.0,397
2025-06-26,M0044,PL04,1744.0,263
2025-07-15,M0062,PL02,792.0,288
2025-06-03,M0079,PL03,1904.0,196
2025-05-09,M0009,PL02,1378.0,230
2025-05-26,M0071,PL01,1682.0,479
2025-06-01,M0090,PL04,488.0,385
2025-07-08,M0024,PL03,1822.0,489
2025-04-13,M0140,PL01,1616.0,247
2025-08-02,M0060,PL04,1526.0,336
2025-03-22,M0084,PL03,1073.0,102
2025-01-21,M0120,PL03,1110.0,418
2025-01-23,M0078,PL03,1726.0,289
2025-05-21,M0016,PL03,302.0,339
2025-01-27,M0029,PL02,1024.0,336
2025-06-24,M0160,PL02,1404.0,237
2025-08-16,M0119,PL02,1977.0,444
2025-03-23,M0035,PL03,649.0,55
2025-05-09,M0043,PL02,647.0,332
2025-02-25,M0096,PL04,1385.0,312
2025-07-11,M0119,PL03,380.0,98
2025-09-04,M0053,PL04,1689.0,401
2025-04-25,M0020,PL04,161.0,249
2025-07-21,M0115,PL02,18.0,109
2025-08-26,M0008,PL03,973.0,82
2025-03-12,M0122,PL02,1863.0,352
2025-04-13,M0042,PL02,242.0,293
2025-04-20,M0077,PL02,128.0,221
2025-01-20,M0070,PL03,1199.0,256
2025-03-21,M0111,PL03,408.0,424
2025-07-06,M0016,PL02,791.0,332
2025-03-20,M0069,PL04,942.0,71
2025-05-01,M0053,PL04,1107.0,96
2025-04-25,M0173,PL03,1399.0,398
2025-04-19,M0179,PL01,221.0,481
2025-08-25,M0006,PL02,1348.0,207
2025-01-24,M0123,PL02,1474.0,307
2025-05-11,M0033,PL01,1439.0,192
2025-06-14,M0015,PL03,1680.0,96
2025-07-15,M0014,PL04,444.0,76
2025-06-15,M0167,PL03,617.0,76
2025-04-15,M0063,PL04,1348.0,446
2025-05-11,M0005,PL04,522.0,488
2025-05-05,M0121,PL03,165.0,194
2025-06-21,M0090,PL02,707.0,124
2025-01-01,M0107,PL02,742.0,236
2025-03-13,M0180,PL02,1682.0,59
2025-07-04,M0016,PL04,1894.0,170
2025-04-29,M0099,PL02,1261.0,338
2025-07-07,M0166,PL04,1008.0,214
2025-05-30,M0053,PL02,912.0,431
2025-04-16,M0077,PL03,1036.0,313
2025-04-13,M0093,PL01,1754.0,210
2025-06-21,M0181,PL04,1280.0,440
2025-06-16,M0174,PL03,1537.0,467
2025-08-08,M0098,PL04,1233.0,376
2025-07-20,M0098,PL04,1507.0,440
2025-08-02,M0143,PL03,364.0,346
2025-04-09,M0059,PL02,224.0,167
2025-05-21,M0178,PL04,995.0,360
2025-08-15,M0137,PL01,193.0,312
2025-02-07,M0026,PL01,1219.0,133
2025-07-01,M0003,PL03,1423.0,195
2025-06-07,M0100,PL01,1795.0,220
2025-01-05,M0047,PL03,56.0,383
2025-07-09,M0005,PL03,1992.0,473
2025-04-06,M0062,PL04,1648.0,358
2025-07-02,M0084,PL03,212.0,63
2025-02-04,M0133,PL03,1302.0,198
2025-04-05,M0138,PL02,1779.0,418
2025-04-14,M0080,PL04,1403.0,300
2025-03-29,M0063,PL01,116.0,106
2025-09-08,M0025,PL02,1921.0,396
2025-06-03,M0044,PL02,1474.0,351
2025-05-31,M0153,PL04,598.0,459
2025-04-06,M0158,PL04,409.0,396
2025-01-05,M0014,PL02,1916.0,457
2025-05-15,M0086,PL04,1390.0,182
2025-06-14,M0171,PL04,1798.0,219
2025-06-08,M0156,PL03,811.0,151
2025-01-18,M0019,PL04,928.0,155
2025-03-12,M0102,PL03,1136.0,220
2025-07-03,M0170,PL02,1983.0,177
2025-02-12,M0020,PL02,1187.0,299
2025-06-29,M0079,PL01,3.0,81
2025-03-01,M0139,PL04,1653.0,265
2025-06-27,M0182,PL02,22.0,311
2025-03-01,M0098,PL03,920.0,379
2025-01-01,M0121,PL02,744.0,293
2025-07-06,M0152,PL04,601.0,440
2025-02-16,M0198,PL01,987.0,334
2025-05-28,M0017,PL01,1790.0,339
2025-06-30,M0156,PL02,1115.0,312
2025-02-17,M0050,PL01,468.0,386
2025-05-08,M0183,PL04,969.0,382
2025-04-19,M0010,PL04,1178.0,363
2025-08-21,M0149,PL01,1842.0,134
2025-03-15,M0058,PL03,626.0,464
2025-08-07,M0162,PL01,206.0,378
2025-01-05,M0095,PL01,1013.0,94
2025-03-22,M0107,PL02,80.0,352
2025-03-13,M0171,PL03,614.0,382
2025-08-03,M0139,PL01,482.0,249
2025-05-04,M0033,PL02,1988.0,250
2025-06-24,M0186,PL02,591.0,378
2025-03-03,M0046,PL02,1430.0,217
2025-06-09,M0189,PL04,1126.0,289
2025-05-17,M0190,PL02,1263.0,421
2025-04-19,M0129,PL02,1288.0,335
2025-02-14,M0149,PL04,32.0,239
2025-08-23,M0062,PL04,34.0,120
2025-02-09,M0192,PL02,1272.0,194
2025-01-18,M0087,PL01,999.0,408
2025-03-06,M0073,PL03,1073.0,438
2025-01-15,M0184,PL04,279.0,258
2025-04-01,M0001,PL03,1777.0,409
2025-01-18,M0021,PL04,151.0,427
2025-02-25,M0022,PL02,1682.0,434
2025-08-13,M0182,PL04,1574.0,257
2025-01-23,M0004,PL02,700.0,271
2025-05-17,M0065,PL03,1560.0,336
2025-04-10,M0179,PL01,1779.0,212
2025-04-07,M0063,PL02,734.0,414
2025-01-09,M0143,PL03,1018.0,121
2025-03-20,M0036,PL03,1253.0,289
2025-05-05,M0029,PL04,664.0,463
2025-03-20,M0180,PL02,922.0,176
2025-04-26,M0174,PL03,1311.0,134
2025-08-11,M0069,PL01,1418.0,64
2025-03-04,M0157,PL04,452.0,297
2025-02-24,M0111,PL04,619.0,361
2025-05-22,M0175,PL03,1056.0,493
2025-06-01,M0153,PL02,1938.0,332
2025-08-03,M0144,PL04,1386.0,51
2025-01-24,M0100,PL02,1134.0,123
2025-03-06,M0041,PL03,1144.0,113
2025-04-27,M0193,PL03,15.0,310
2025-07-07,M0197,PL02,738.0,396
2025-07-09,M0148,PL01,1546.0,373
2025-05-09,M0197,PL04,714.0,288
2025-03-28,M0164,PL03,713.0,446
2025-02-12,M0186,PL01,97.0,386
2025-03-08,M0048,PL01,115.0,390
2025-04-27,M0130,PL02,964.0,328
2025-03-18,M0157,PL02,1494.0,402
2025-08-10,M0144,PL02,1462.0,483
2025-03-19,M0163,PL01,1304.0,429
2025-07-31,M0111,PL04,348.0,250
2025-02-02,M0062,PL02,231.0,342
2025-01-01,M0107,PL04,1996.0,335
2025-02-18,M0106,PL02,1134.0,270
2025-03-25,M0132,PL01,1375.0,456
2025-06-05,M0113,PL04,1953.0,211
2025-03-09,M0068,PL04,1035.0,497
2025-03-14,M0179,PL01,983.0,232
2025-01-27,M0089,PL04,1511.0,422
2025-01-05,M0161,PL01,1556.0,314
2025-08-27,M0078,PL01,638.0,181
2025-08-18,M0152,PL03,284.0,371
2025-07-11,M0075,PL02,1970.0,169
2025-08-12,M0025,PL03,1656.0,429
2025-06-22,M0156,PL01,635.0,268
2025-02-12,M0007,PL01,1942.0,466
2025-08-23,M0113,PL04,544.0,209
2025-07-04,M0036,PL01,391.0,349
2025-02-27,M0010,PL01,1193.0,158
2025-07-20,M0113,PL01,76.0,287
2025-05-10,M0036,PL02,1988.0,342
2025-05-04,M0018,PL03,296.0,116
2025-06-15,M0134,PL03,329.0,365
2025-02-27,M0135,PL02,1086.0,236
2025-08-03,M0102,PL02,269.0,85
2025-04-02,M0140,PL02,215.0,98
2025-01-22,M0169,PL03,1213.0,305
2025-05-18,M0191,PL03,1098.0,484
2025-08-23,M0025,PL01,1709.0,156
2025-07-11,M0181,PL03,509.0,57
2025-06-24,M0033,PL04,578.0,285
2025-06-29,M0087,PL03,1116.0,227
2025-07-13,M0073,PL02,1076.0,291
2025-08-09,M0006,PL03,495.0,90
2025-04-15,M0190,PL01,947.0,406
2025-04-16,M0194,PL03,93.0,294
2025-03-21,M0137,PL02,,162
2025-08-25,M0067,PL04,228.0,414
2025-08-10,M0144,PL02,249.0,305
2025-08-10,M0093,PL04,1414.0,215
2025-05-08,M0108,PL01,720.0,391
2025-05-03,M0183,PL01,979.0,127
2025-03-19,M0168,PL03,181.0,256
2025-01-25,M0026,PL01,266.0,360
2025-02-22,M0038,PL01,1003.0,415
2025-01-24,M0163,PL02,280.0,245
2025-09-06,M0196,PL02,1978.0,451
2025-02-22,M0187,PL03,961.0,370
2025-08-24,M0142,PL03,666.0,113
2025-04-04,M0175,PL03,1106.0,189
2025-01-20,M0103,PL03,1209.0,423
2025-05-10,M0199,PL02,1884.0,474
2025-06-22,M0200,PL03,1674.0,91
2025-02-18,M0042,PL03,1590.0,422
2025-01-03,M0179,PL01,530.0,493
2025-02-06,M0147,PL03,1371.0,355
2025-04-01,M0066,PL04,422.0,258
2025-05-12,M0175,PL01,980.0,469
2025-04-06,M0193,PL02,1881.0,353
2025-02-20,M0042,PL04,453.0,122
2025-03-10,M0038,PL03,266.0,441
2025-08-19,M0141,PL01,506.0,202
2025-08-30,M0106,PL03,1165.0,184
2025-09-06,M0172,PL01,315.0,411
2025-04-18,M0152,PL03,1699.0,313
2025-07-17,M0096,PL04,763.0,265
2025-03-23,M0158,PL02,1255.0,258
2025-05-17,M0070,PL04,1320.0,253
2025-07-28,M0038,PL04,897.0,159
2025-01-21,M0097,PL02,952.0,80
2025-03-31,M0108,PL01,874.0,61
2025-02-23,M0119,PL01,1595.0,176
2025-09-01,M0151,PL02,915.0,362
2025-06-09,M0074,PL03,21.0,243
2025-08-28,M0057,PL01,383.0,189
2025-05-15,M0110,PL04,1149.0,76
2025-07-18,M0079,PL02,102.0,95
2025-05-18,M0151,PL04,899.0,184
2025-04-04,M0036,PL01,,366
2025-06-13,M0057,PL02,732.0,491
2025-02-12,M0129,PL02,109.0,107
2025-06-27,M0200,PL01,1593.0,62
2025-01-31,M0003,PL01,,486
2025-05-06,M0014,PL02,1088.0,149
2025-05-21,M0034,PL03,1495.0,498
2025-06-04,M0070,PL02,1593.0,98
2025-03-25,M0069,PL03,669.0,340
2025-03-29,M0179,PL04,1099.0,143
2025-08-13,M0104,PL03,1042.0,144
2025-06-09,M0029,PL03,383.0,194
2025-07-26,M0048,PL01,189.0,121
2025-06-08,M0094,PL02,761.0,428
2025-01-15,M0079,PL04,359.0,59
2025-07-27,M0117,PL02,874.0,211
2025-05-28,M0144,PL03,885.0,263
2025-05-14,M0185,PL03,1475.0,53
2025-03-19,M0138,PL03,78.0,273
2025-06-30,M0147,PL02,595.0,430
2025-08-15,M0067,PL03,1195.0,78
2025-06-23,M0164,PL02,1235.0,351
2025-07-23,M0132,PL04,885.0,252
2025-09-07,M0075,PL04,1014.0,479
2025-01-20,M0161,PL02,1468.0,126
2025-08-23,M0028,PL04,148.0,108
2025-02-13,M0121,PL01,9.0,494
2025-09-06,M0009,PL03,1565.0,245
2025-05-22,M0134,PL03,791.0,371
2025-09-08,M0123,PL03,1967.0,467
2025-04-07,M0049,PL01,1078.0,156
2025-03-26,M0091,PL03,871.0,391
2025-04-03,M0125,PL02,1662.0,438
2025-07-26,M0076,PL03,179.0,58
2025-05-13,M0150,PL02,743.0,69
2025-08-03,M0104,PL04,380.0,198
2025-08-16,M0176,PL02,1445.0,432
2025-09-07,M0149,PL02,,66
2025-08-10,M0033,PL02,1116.0,61
2025-01-29,M0184,PL03,1543.0,131
2025-04-07,M0157,PL01,1436.0,116
2025-04-28,M0053,PL01,1782.0,182
2025-03-30,M0040,PL02,393.0,493
2025-07-14,M0018,PL03,964.0,102
2025-06-08,M0175,PL01,1354.0,485
2025-02-15,M0013,PL04,1731.0,255
2025-02-25,M0155,PL04,432.0,481
2025-05-18,M0190,PL03,953.0,452
2025-02-22,M0074,PL04,1186.0,282
2025-08-30,M0096,PL04,945.0,450
2025-08-07,M0105,PL04,1063.0,103
2025-01-25,M0173,PL01,765.0,117
2025-05-31,M0131,PL04,907.0,340
2025-02-26,M0150,PL02,84.0,393
2025-03-21,M0155,PL02,783.0,218
2025-05-17,M0183,PL04,1613.0,446
2025-07-15,M0067,PL02,1748.0,210
2025-09-02,M0033,PL01,815.0,64
2025-05-27,M0002,PL03,1790.0,240
2025-01-24,M0075,PL02,1114.0,64
2025-05-21,M0174,PL04,1507.0,336
2025-08-17,M0074,PL03,1408.0,412
2025-07-03,M0161,PL03,1216.0,461
2025-07-15,M0186,PL04,1276.0,59
2025-01-11,M0135,PL02,1813.0,106
2025-07-07,M0143,PL01,1678.0,248
2025-01-15,M0026,PL02,1267.0,210
2025-02-20,M0139,PL02,1747.0,312
2025-09-03,M0128,PL01,706.0,438
2025-05-17,M0166,PL03,269.0,430
2025-01-17,M0027,PL01,840.0,302
2025-07-29,M0135,PL01,1042.0,168
2025-03-08,M0129,PL04,1063.0,129
2025-08-10,M0021,PL04,1633.0,173
2025-04-09,M0079,PL02,515.0,362
2025-02-18,M0158,PL04,1056.0,121
2025-03-08,M0094,PL01,1834.0,217
2025-02-02,M0008,PL01,1700.0,333
2025-06-30,M0083,PL04,449.0,85
2025-06-05,M0003,PL04,1562.0,361
2025-07-29,M0055,PL04,684.0,224
2025-02-14,M0143,PL01,1872.0,248
2025-03-21,M0036,PL03,624.0,165
2025-08-23,M0006,PL03,1969.0,473
2025-02-10,M0121,PL04,884.0,364
2025-01-27,M0042,PL02,1915.0,476
2025-06-26,M0050,PL02,1630.0,269
2025-06-05,M0112,PL03,318.0,428
2025-08-13,M0146,PL04,1768.0,115
2025-04-05,M0050,PL01,1669.0,314
2025-05-28,M0030,PL02,1147.0,183
2025-04-29,M0039,PL02,1395.0,168
2025-07-10,M0116,PL01,1374.0,171
2025-08-04,M0140,PL01,1346.0,370
2025-03-03,M0059,PL04,487.0,436
2025-09-08,M0076,PL01,450.0,470
2025-07-15,M0172,PL01,352.0,432
2025-08-05,M0132,PL01,1139.0,136
2025-01-14,M0164,PL03,954.0,338
2025-08-04,M0048,PL01,1036.0,186
2025-05-31,M0142,PL02,1940.0,102
2025-07-08,M0081,PL04,319.0,254
2025-08-25,M0049,PL04,1188.0,397
2025-01-27,M0067,PL04,1743.0,100
2025-02-14,M0077,PL03,84.0,376
2025-01-17,M0137,PL02,247.0,459
2025-05-12,M0021,PL01,1455.0,449
2025-03-22,M0105,PL02,567.0,89
2025-02-09,M0072,PL04,683.0,299
2025-05-01,M0016,PL01,1676.0,267
2025-08-20,M0144,PL04,643.0,228
2025-02-19,M0028,PL04,478.0,88
2025-03-17,M0179,PL04,712.0,232
2025-01-24,M0184,PL02,367.0,273
2025-01-23,M0080,PL02,1824.0,213
2025-03-17,M0057,PL04,1956.0,283
2025-07-05,M0110,PL04,1844.0,426
2025-04-13,M0052,PL01,356.0,242
2025-01-23,M0174,PL04,407.0,134
2025-02-20,M0166,PL04,1368.0,292
2025-03-05,M0084,PL04,178.0,222
2025-01-22,M0048,PL04,1448.0,442
2025-03-27,M0127,PL02,1564.0,86
2025-08-14,M0169,PL04,1466.0,136
2025-06-14,M0098,PL03,1959.0,178
2025-04-02,M0118,PL04,1842.0,243
2025-04-03,M0187,PL02,1329.0,368
2025-02-20,M0093,PL03,366.0,92
2025-08-06,M0067,PL03,1059.0,461
2025-01-14,M0074,PL04,462.0,405
2025-09-01,M0084,PL04,1644.0,208
2025-01-17,M0194,PL02,827.0,154
2025-03-24,M0155,PL03,1169.0,278
2025-02-27,M0160,PL03,1811.0,266
2025-01-10,M0184,PL02,1924.0,313
2025-02-18,M0010,PL04,145.0,467
2025-01-16,M0168,PL01,379.0,98
2025-07-26,M0145,PL01,167.0,401
2025-03-20,M0186,PL03,1792.0,491
2025-03-17,M0118,PL03,1298.0,172
2025-01-03,M0097,PL04,86.0,352
2025-04-26,M0006,PL01,153.0,74
2025-04-23,M0167,PL03,496.0,180
2025-05-17,M0018,PL04,1820.0,478
2025-01-23,M0072,PL01,314.0,419
2025-06-21,M0089,PL02,1854.0,485
2025-07-02,M0042,PL03,1633.0,273
2025-01-26,M0004,PL02,722.0,148
2025-08-17,M0020,PL01,1981.0,401
2025-01-13,M0028,PL04,1583.0,339
2025-06-07,M0168,PL04,1853.0,246
2025-08-16,M0193,PL01,1297.0,158
2025-07-09,M0104,PL02,1729.0,397
2025-04-15,M0044,PL04,763.0,269
2025-04-03,M0023,PL03,1818.0,313
2025-06-07,M0185,PL02,261.0,460
2025-05-21,M0047,PL02,486.0,257
2025-03-19,M0013,PL03,453.0,368
2025-06-19,M0144,PL01,442.0,131
2025-07-16,M0183,PL04,1285.0,74
2025-03-22,M0095,PL02,542.0,235
2025-03-23,M0193,PL04,1128.0,481
2025-04-27,M0016,PL04,349.0,434
2025-04-15,M0119,PL02,823.0,57
2025-07-09,M0165,PL01,437.0,173
2025-08-03,M0180,PL02,168.0,198
2025-07-01,M0117,PL01,1771.0,147
2025-04-21,M0010,PL03,1809.0,265
2025-03-02,M0122,PL01,1366.0,150
2025-07-11,M0038,PL01,1253.0,267
2025-07-24,M0044,PL02,22.0,416
2025-03-20,M0095,PL04,987.0,462
2025-03-25,M0074,PL04,675.0,463
2025-08-15,M0182,PL01,280.0,308
2025-03-19,M0113,PL01,1542.0,440
2025-01-31,M0051,PL02,721.0,405
2025-07-20,M0052,PL01,252.0,60
2025-05-23,M0198,PL02,403.0,465
2025-07-09,M0092,PL03,132.0,108
2025-09-07,M0059,PL01,1297.0,299
2025-02-17,M0013,PL03,617.0,189
2025-06-02,M0169,PL01,231.0,384
2025-06-01,M0012,PL01,544.0,87
2025-01-26,M0050,PL03,78.0,171
2025-02-06,M0057,PL03,1058.0,457
2025-04-15,M0178,PL02,494.0,114
2025-08-29,M0119,PL02,1133.0,195
2025-06-07,M0057,PL03,1344.0,351
2025-08-08,M0182,PL01,1598.0,174
2025-08-20,M0194,PL02,327.0,361
2025-06-03,M0008,PL01,966.0,240
2025-03-10,M0106,PL04,1832.0,312
2025-03-29,M0191,PL02,689.0,410
2025-02-09,M0137,PL02,383.0,499
2025-01-15,M0188,PL02,1387.0,345
2025-04-17,M0120,PL04,1255.0,231
2025-03-20,M0063,PL03,1639.0,208
2025-06-25,M0072,PL01,1437.0,402
2025-01-22,M0131,PL04,1317.0,357
2025-08-28,M0013,PL03,546.0,336
2025-06-08,M0137,PL02,1729.0,211
2025-08-23,M0052,PL03,1197.0,312
2025-07-07,M0062,PL03,391.0,266
2025-07-25,M0119,PL03,1125.0,449
2025-01-27,M0109,PL01,1859.0,455
2025-01-06,M0008,PL03,1316.0,230
2025-04-18,M0095,PL03,1108.0,140
2025-09-06,M0125,PL03,908.0,66
2025-01-27,M0173,PL03,1224.0,174
2025-08-23,M0053,PL04,684.0,309
2025-06-27,M0063,PL04,540.0,494
2025-07-11,M0095,PL03,296.0,427
2025-04-08,M0081,PL03,55.0,404
2025-06-14,M0057,PL03,1495.0,263
2025-04-08,M0182,PL02,1039.0,288
2025-06-26,M0147,PL03,1675.0,229
2025-06-07,M0067,PL03,65.0,468
2025-01-24,M0046,PL04,957.0,221
2025-01-05,M0094,PL04,,192
2025-01-16,M0138,PL04,1693.0,366
2025-08-18,M0113,PL01,1935.0,293
2025-07-12,M0093,PL02,1495.0,281
2025-08-16,M0146,PL03,1932.0,221
2025-08-04,M0140,PL04,1604.0,326
2025-08-06,M0049,PL01,1046.0,126
2025-06-29,M0023,PL03,701.0,352
2025-07-06,M0062,PL03,759.0,380
2025-05-15,M0011,PL04,485.0,98
2025-06-12,M0073,PL03,1438.0,486
2025-02-03,M0118,PL03,820.0,297
2025-02-10,M0184,PL03,887.0,332
2025-06-20,M0088,PL04,1680.0,336
2025-03-06,M0089,PL01,1919.0,477
2025-02-04,M0055,PL03,1328.0,81
2025-07-24,M0153,PL01,176.0,207
2025-07-09,M0009,PL03,194.0,67
2025-02-01,M0012,PL04,1945.0,430
2025-04-14,M0139,PL01,1036.0,112
2025-05-18,M0113,PL04,875.0,177
2025-02-06,M0166,PL02,165.0,65
2025-04-17,M0156,PL03,1173.0,212
2025-07-31,M0008,PL02,1364.0,495
2025-05-09,M0175,PL02,1948.0,300
2025-08-25,M0036,PL02,556.0,186
2025-02-02,M0125,PL03,1197.0,367
2025-02-08,M0050,PL04,166.0,344
2025-06-25,M0107,PL02,708.0,228
2025-01-22,M0009,PL01,717.0,278
2025-06-12,M0188,PL03,1617.0,420
2025-07-27,M0200,PL04,1603.0,443
2025-05-08,M0067,PL04,96.0,229
2025-04-02,M0053,PL02,678.0,445
2025-08-26,M0082,PL03,403.0,121
2025-06-13,M0110,PL02,1100.0,367
2025-04-13,M0145,PL01,1260.0,436
2025-02-13,M0053,PL04,1731.0,132
2025-06-16,M0156,PL04,290.0,428
2025-07-20,M0114,PL03,135.0,444
2025-04-08,M0063,PL04,1843.0,185
2025-08-02,M0143,PL03,1831.0,267
2025-06-08,M0019,PL02,888.0,158
2025-05-26,M0124,PL01,880.0,427
2025-07-19,M0086,PL03,366.0,456
2025-04-08,M0070,PL02,547.0,168
2025-09-02,M0047,PL01,901.0,443
2025-02-07,M0199,PL04,247.0,67
2025-01-08,M0108,PL01,765.0,381
2025-05-16,M0176,PL01,1237.0,472
2025-02-19,M0020,PL01,1787.0,203
2025-06-11,M0037,PL04,69.0,60
2025-03-11,M0130,PL03,745.0,187
2025-05-08,M0192,PL03,995.0,436
2025-05-27,M0036,PL01,328.0,111
2025-07-24,M0133,PL02,1039.0,120
2025-08-27,M0064,PL02,1510.0,110
2025-07-01,M0007,PL01,1197.0,181
2025-01-23,M0198,PL01,698.0,110
2025-07-10,M0120,PL02,805.0,441
2025-01-01,M0022,PL01,1760.0,407
2025-01-03,M0046,PL01,273.0,318
2025-03-30,M0168,PL03,523.0,61
2025-05-26,M0189,PL03,1845.0,84
2025-02-28,M0110,PL01,218.0,487
2025-02-05,M0046,PL01,1023.0,100
2025-06-19,M0028,PL04,1966.0,92
2025-07-24,M0087,PL03,512.0,277
2025-06-12,M0035,PL01,1422.0,160
2025-06-12,M0129,PL04,1134.0,371
2025-08-25,M0157,PL04,463.0,64
2025-08-28,M0009,PL04,1812.0,226
2025-08-31,M0009,PL04,1664.0,211
2025-06-12,M0022,PL03,1116.0,88
2025-04-01,M0191,PL04,450.0,75
2025-05-07,M0194,PL03,1419.0,161
2025-02-03,M0186,PL04,1915.0,481
2025-07-14,M0070,PL04,923.0,100
2025-02-03,M0183,PL02,1574.0,416
2025-05-22,M0141,PL03,932.0,437
2025-06-10,M0147,PL02,478.0,147
2025-04-27,M0161,PL02,315.0,460
2025-01-13,M0065,PL04,670.0,424
2025-06-30,M0188,PL03,697.0,219
2025-02-21,M0140,PL01,992.0,105
2025-02-10,M0043,PL04,1376.0,270
2025-02-07,M0017,PL03,767.0,374
2025-01-08,M0068,PL02,1262.0,195
2025-01-12,M0029,PL03,1127.0,494
2025-09-03,M0183,PL04,906.0,309
2025-06-15,M0135,PL03,877.0,178
2025-06-19,M0044,PL02,1052.0,99
2025-04-29,M0133,PL03,88.0,389
2025-08-22,M0188,PL03,374.0,375
2025-08-05,M0134,PL02,1420.0,453
2025-03-10,M0007,PL04,1586.0,69
2025-05-24,M0174,PL01,363.0,223
2025-03-28,M0185,PL02,1973.0,332
2025-06-07,M0054,PL02,146.0,75
2025-05-07,M0046,PL04,313.0,209
2025-07-08,M0138,PL04,547.0,59
2025-02-02,M0004,PL03,795.0,131
2025-03-07,M0195,PL02,1475.0,305
2025-07-26,M0153,PL03,898.0,154
2025-02-18,M0091,PL03,1529.0,189
2025-05-23,M0061,PL04,1509.0,251
2025-04-29,M0166,PL04,100.0,393
2025-08-29,M0160,PL03,106.0,73
2025-02-01,M0151,PL02,856.0,422
2025-02-07,M0111,PL02,936.0,484
2025-06-06,M0037,PL03,290.0,471
2025-03-31,M0003,PL01,1372.0,95
2025-01-23,M0013,PL01,616.0,266
2025-03-17,M0162,PL04,1756.0,441
2025-03-27,M0088,PL02,587.0,104
2025-02-17,M0193,PL03,1250.0,127
2025-08-19,M0076,PL03,595.0,208
2025-07-03,M0008,PL02,976.0,393
2025-07-27,M0083,PL04,1611.0,321
2025-01-12,M0009,PL04,1784.0,197
2025-03-26,M0156,PL01,1790.0,87
2025-06-23,M0078,PL02,1073.0,160
2025-05-12,M0124,PL02,867.0,64
2025-08-15,M0146,PL03,969.0,127
2025-08-25,M0042,PL02,721.0,125
2025-07-25,M0041,PL01,157.0,467
2025-06-14,M0198,PL02,327.0,377
2025-01-06,M0161,PL03,1768.0,324
2025-06-30,M0089,PL01,1906.0,246
2025-08-27,M0077,PL03,1100.0,425
2025-02-07,M0054,PL02,734.0,268
2025-08-22,M0164,PL04,632.0,112
2025-06-11,M0097,PL02,1477.0,410
2025-08-31,M0098,PL02,1333.0,81
2025-05-13,M0056,PL03,326.0,282
2025-04-13,M0100,PL04,507.0,159
2025-01-05,M0145,PL02,1876.0,214
2025-07-26,M0010,PL01,869.0,243
2025-04-08,M0044,PL01,1130.0,56
2025-01-12,M0130,PL03,240.0,481
2025-03-15,M0142,PL03,434.0,188
2025-05-22,M0169,PL04,1051.0,392
2025-01-08,M0130,PL03,703.0,336
2025-02-14,M0019,PL04,1272.0,477
2025-07-22,M0080,PL02,1387.0,350
2025-08-28,M0089,PL01,1748.0,105
2025-08-01,M0001,PL01,1556.0,209
2025-02-16,M0130,PL01,1495.0,198
2025-03-09,M0027,PL03,1690.0,336
2025-01-04,M0002,PL03,1562.0,306
2025-04-18,M0179,PL02,588.0,188
2025-07-20,M0138,PL03,1841.0,398
2025-04-02,M0019,PL04,412.0,373
2025-08-05,M0141,PL01,1958.0,341
2025-03-18,M0176,PL02,568.0,384
2025-08-15,M0114,PL04,1654.0,236
2025-05-03,M0056,PL04,1188.0,372
2025-03-09,M0200,PL03,988.0,233
2025-04-26,M0184,PL03,1599.0,356
2025-09-02,M0178,PL01,1071.0,462
2025-07-25,M0095,PL02,1685.0,435
2025-04-13,M0173,PL04,483.0,311
2025-06-27,M0187,PL03,1181.0,464
2025-09-08,M0167,PL03,667.0,359
2025-06-05,M0149,PL02,150.0,393
2025-09-05,M0183,PL02,224.0,473
2025-03-29,M0057,PL03,1283.0,194
2025-01-11,M0102,PL03,1410.0,310
2025-07-03,M0169,PL01,255.0,51
2025-05-29,M0070,PL02,60.0,363
2025-01-06,M0082,PL04,1887.0,61
2025-03-07,M0049,PL03,1795.0,310
2025-08-11,M0172,PL03,1856.0,411
2025-01-22,M0163,PL03,395.0,493
2025-06-12,M0091,PL03,1420.0,218
2025-05-09,M0005,PL01,1185.0,197
2025-09-06,M0199,PL02,379.0,249
2025-07-06,M0179,PL03,1466.0,434
2025-05-30,M0057,PL02,348.0,361
2025-05-10,M0186,PL04,1992.0,119
2025-03-26,M0092,PL04,30.0,361
2025-04-22,M0036,PL04,70.0,103
2025-04-11,M0138,PL04,396.0,444
2025-09-04,M0178,PL02,,308
2025-06-26,M0165,PL04,1.0,400
2025-03-08,M0112,PL04,928.0,77
2025-02-22,M0148,PL03,561.0,416
2025-01-10,M0013,PL03,1158.0,412
2025-01-25,M0122,PL03,145.0,169
2025-08-19,M0109,PL01,178.0,182
2025-04-10,M0147,PL03,263.0,429
2025-03-26,M0092,PL04,1334.0,139
2025-06-10,M0102,PL02,203.0,65
2025-08-04,M0056,PL04,1834.0,336
2025-04-01,M0045,PL02,698.0,333
2025-04-21,M0060,PL04,1053.0,440
2025-07-26,M0196,PL01,58.0,279
2025-02-04,M0185,PL03,1032.0,186
2025-02-26,M0054,PL04,987.0,344
2025-05-12,M0037,PL03,1347.0,276
2025-05-24,M0037,PL01,166.0,476
2025-05-06,M0014,PL01,1360.0,76
2025-05-16,M0095,PL03,906.0,381
2025-05-11,M0172,PL03,1402.0,166
2025-08-26,M0102,PL02,897.0,138
2025-05-11,M0042,PL03,790.0,156
2025-04-24,M0001,PL03,1726.0,270
2025-07-06,M0023,PL02,241.0,272
2025-08-14,M0192,PL04,1813.0,171
2025-04-08,M0028,PL02,1980.0,431
2025-03-30,M0132,PL04,1689.0,403
2025-04-19,M0169,PL04,907.0,82
2025-06-28,M0188,PL04,1183.0,140
2025-08-22,M0018,PL02,776.0,233
2025-09-08,M0191,PL02,1258.0,425
2025-06-07,M0189,PL01,1476.0,307
2025-06-09,M0049,PL04,1881.0,447
2025-08-01,M0047,PL02,198.0,62
2025-03-02,M0115,PL01,1500.0,73
2025-01-19,M0039,PL04,1056.0,374
2025-02-22,M0006,PL02,407.0,83
2025-04-10,M0053,PL02,1112.0,296
2025-06-18,M0025,PL02,1630.0,392
2025-09-03,M0099,PL03,220.0,68
2025-01-14,M0065,PL01,1092.0,79
2025-04-17,M0133,PL02,1317.0,98
2025-06-15,M0193,PL03,1260.0,476
2025-02-02,M0008,PL01,1930.0,449
2025-08-15,M0039,PL01,1183.0,229
2025-08-26,M0111,PL03,1855.0,419
2025-02-05,M0043,PL01,839.0,421
2025-08-04,M0082,PL03,787.0,275
2025-06-01,M0123,PL04,1313.0,482
2025-01-06,M0133,PL02,1902.0,444
2025-08-15,M0004,PL03,553.0,127
2025-01-23,M0108,PL01,1927.0,480
2025-01-26,M0093,PL01,577.0,256
2025-07-24,M0129,PL04,532.0,84
2025-07-06,M0094,PL04,334.0,299
2025-08-11,M0056,PL04,1020.0,120
2025-02-19,M0173,PL04,1605.0,462
2025-05-23,M0193,PL04,1796.0,413
2025-04-08,M0003,PL02,1525.0,359
2025-01-03,M0022,PL03,245.0,328
2025-08-25,M0200,PL04,1346.0,201
2025-03-13,M0056,PL04,1770.0,276
2025-05-04,M0018,PL02,1962.0,292
2025-08-01,M0153,PL03,1807.0,59
2025-05-31,M0176,PL04,610.0,366
2025-03-12,M0116,PL03,328.0,441
2025-06-20,M0084,PL03,546.0,97
2025-07-12,M0159,PL02,338.0,161
2025-04-25,M0030,PL02,1194.0,253
2025-08-20,M0080,PL04,,431
2025-08-14,M0066,PL01,993.0,206
2025-01-21,M0010,PL02,806.0,392
2025-07-12,M0199,PL03,1033.0,75
2025-05-28,M0059,PL03,1225.0,470
2025-06-07,M0051,PL04,1939.0,357
2025-01-04,M0123,PL04,1280.0,215
2025-02-24,M0137,PL04,1285.0,298
2025-05-11,M0054,PL03,692.0,311
2025-01-05,M0190,PL02,429.0,313
2025-02-23,M0081,PL01,1530.0,66
2025-03-26,M0137,PL02,1089.0,125
2025-02-01,M0009,PL01,805.0,495
2025-07-14,M0101,PL02,1696.0,303
2025-07-04,M0152,PL04,1602.0,255
2025-07-06,M0039,PL03,611.0,83
2025-03-07,M0136,PL01,1612.0,196
2025-08-08,M0153,PL02,34.0,375
2025-05-14,M0110,PL03,1998.0,387
2025-05-31,M0066,PL01,556.0,277
2025-07-24,M0010,PL01,1685.0,167
2025-07-15,M0117,PL03,490.0,214
2025-03-24,M0152,PL04,1603.0,87
2025-07-06,M0083,PL03,253.0,448
2025-03-04,M0187,PL04,16.0,407
2025-05-24,M0159,PL02,260.0,345
2025-02-13,M0139,PL02,1748.0,186
2025-09-01,M0134,PL03,1848.0,358
2025-07-03,M0070,PL04,1279.0,295
2025-05-26,M0160,PL02,727.0,247
2025-03-16,M0039,PL04,1886.0,423
2025-03-20,M0176,PL04,1447.0,115
2025-01-19,M0013,PL04,500.0,129
2025-05-31,M0059,PL03,1015.0,101
2025-07-02,M0067,PL04,285.0,178
2025-07-12,M0184,PL03,1961.0,463
2025-02-01,M0041,PL02,6.0,429
2025-03-08,M0184,PL02,1520.0,417
2025-04-28,M0035,PL01,1915.0,50
2025-07-27,M0166,PL01,1222.0,216
2025-05-25,M0081,PL02,,65
2025-07-07,M0195,PL04,658.0,194
2025-01-13,M0034,PL04,936.0,161
2025-09-03,M0076,PL02,1441.0,417
2025-04-03,M0070,PL02,1685.0,151
2025-03-01,M0011,PL01,51.0,131
2025-03-20,M0112,PL04,242.0,455
2025-04-23,M0027,PL02,1242.0,148
2025-02-02,M0048,PL01,517.0,208
2025-05-24,M0024,PL01,969.0,89
2025-03-03,M0018,PL04,108.0,204
2025-05-31,M0027,PL01,1374.0,85
2025-04-02,M0054,PL01,920.0,430
2025-08-14,M0055,PL03,65.0,296
2025-01-24,M0120,PL02,1033.0,53
2025-09-03,M0021,PL04,201.0,423
2025-07-08,M0187,PL02,1817.0,330
2025-04-15,M0115,PL03,900.0,400
2025-05-02,M0162,PL04,213.0,383
2025-02-25,M0120,PL02,67.0,463
2025-06-13,M0058,PL01,758.0,480
2025-01-15,M0176,PL04,865.0,298
2025-07-29,M0054,PL03,326.0,61
2025-05-25,M0146,PL01,1073.0,332
2025-03-26,M0003,PL03,1040.0,478
2025-07-06,M0152,PL01,522.0,265
2025-02-26,M0129,PL02,1844.0,368
2025-02-02,M0006,PL02,1329.0,360
2025-06-18,M0019,PL02,1415.0,463
2025-07-06,M0086,PL03,987.0,131
2025-04-11,M0115,PL04,1147.0,63
2025-05-07,M0171,PL02,1003.0,105
2025-01-03,M0123,PL03,503.0,452
2025-07-26,M0136,PL01,1248.0,391
2025-05-23,M0197,PL02,755.0,331
2025-03-07,M0180,PL01,1341.0,248
2025-08-10,M0073,PL02,472.0,397
2025-05-11,M0047,PL01,1867.0,215
2025-07-14,M0085,PL03,1914.0,341
2025-05-13,M0028,PL02,857.0,195
2025-04-14,M0046,PL03,540.0,490
2025-07-28,M0132,PL03,1381.0,127
2025-06-10,M0120,PL01,1506.0,161
2025-05-16,M0136,PL02,868.0,72
2025-07-11,M0116,PL04,877.0,424
2025-07-17,M0061,PL04,939.0,165
2025-04-16,M0017,PL03,876.0,191
2025-08-02,M0034,PL01,1452.0,246
2025-07-24,M0020,PL01,796.0,327
2025-03-26,M0162,PL01,,77
2025-04-08,M0043,PL02,471.0,348
2025-06-26,M0010,PL02,1594.0,125
2025-06-19,M0094,PL01,1678.0,67
2025-02-08,M0158,PL04,837.0,149
2025-06-01,M0115,PL04,1887.0,173
2025-08-17,M0153,PL02,1323.0,414
2025-02-12,M0127,PL01,1761.0,341
2025-04-05,M0185,PL04,1699.0,174
2025-07-18,M0110,PL04,83.0,56
2025-06-19,M0191,PL02,376.0,72
2025-08-29,M0107,PL02,1336.0,211
2025-06-19,M0105,PL04,1652.0,166
2025-05-17,M0071,PL01,1343.0,419
2025-06-19,M0175,PL04,203.0,401
2025-02-17,M0084,PL04,1378.0,70
2025-08-12,M0003,PL01,1008.0,301
2025-08-15,M0046,PL02,1317.0,375
2025-02-10,M0164,PL01,503.0,480
2025-05-15,M0026,PL01,1168.0,358
2025-08-20,M0138,PL01,538.0,133
2025-02-12,M0162,PL01,16.0,411
2025-07-03,M0008,PL02,574.0,90
2025-05-18,M0055,PL04,1802.0,252
2025-08-19,M0091,PL03,575.0,465
2025-01-01,M0138,PL02,1014.0,177
2025-07-14,M0185,PL01,1062.0,191
2025-07-15,M0114,PL04,129.0,393
2025-01-29,M0079,PL04,114.0,152
2025-05-15,M0101,PL01,1473.0,156
2025-02-25,M0086,PL02,949.0,66
2025-02-09,M0045,PL01,1948.0,74
2025-03-04,M0050,PL04,1068.0,113
2025-04-06,M0064,PL04,215.0,391
2025-02-23,M0095,PL02,1623.0,424
2025-01-11,M0002,PL03,847.0,286
2025-04-22,M0173,PL01,1438.0,225
2025-08-18,M0095,PL03,688.0,340
2025-05-11,M0062,PL04,1002.0,342
2025-05-12,M0142,PL03,264.0,360
2025-03-29,M0074,PL01,1946.0,450
2025-04-20,M0100,PL01,1463.0,205
2025-05-18,M0111,PL04,616.0,434
2025-07-06,M0104,PL02,1404.0,102
2025-03-18,M0015,PL02,1869.0,122
2025-06-24,M0014,PL04,300.0,232
2025-08-30,M0159,PL01,984.0,418
2025-08-01,M0157,PL02,1194.0,238
2025-04-19,M0027,PL03,1643.0,62
2025-05-05,M0085,PL04,405.0,96
2025-08-21,M0009,PL03,1378.0,497
2025-04-15,M0020,PL01,160.0,209
2025-06-13,M0186,PL02,1818.0,333
2025-05-07,M0079,PL01,1575.0,102
2025-05-09,M0177,PL03,25.0,336
2025-01-05,M0057,PL01,82.0,57
2025-06-06,M0144,PL01,172.0,121
2025-08-31,M0100,PL04,998.0,429
2025-04-13,M0075,PL04,1708.0,147
2025-03-13,M0136,PL01,793.0,136
2025-03-24,M0067,PL04,1093.0,379
2025-07-25,M0019,PL01,834.0,150
2025-05-22,M0105,PL03,5.0,330
2025-02-26,M0195,PL04,,420
2025-05-03,M0164,PL01,1218.0,338
2025-09-07,M0188,PL04,524.0,286
2025-03-10,M0164,PL01,62.0,245
2025-07-07,M0011,PL04,1036.0,440
2025-03-13,M0051,PL02,760.0,146
2025-05-28,M0126,PL01,204.0,499
2025-03-25,M0080,PL02,896.0,417
2025-08-01,M0183,PL01,1788.0,479
2025-05-28,M0054,PL02,39.0,145
2025-05-02,M0017,PL01,1188.0,310
2025-03-27,M0190,PL04,1054.0,170
2025-02-07,M0170,PL02,1552.0,415
2025-01-21,M0024,PL04,1672.0,322
2025-03-01,M0145,PL01,876.0,381
2025-04-02,M0048,PL04,1855.0,101
2025-06-12,M0084,PL01,824.0,445
2025-02-21,M0198,PL04,908.0,367
2025-01-21,M0007,PL02,1700.0,212
2025-08-29,M0142,PL01,397.0,239
2025-05-03,M0011,PL04,1482.0,326
2025-03-24,M0012,PL01,1816.0,134
2025-08-18,M0110,PL01,1246.0,243
2025-03-30,M0133,PL01,633.0,230
2025-06-25,M0133,PL03,1101.0,70
2025-07-21,M0128,PL01,1848.0,448
2025-07-01,M0148,PL04,838.0,252
2025-03-26,M0054,PL03,599.0,251
2025-06-03,M0055,PL04,624.0,200
2025-06-10,M0186,PL03,1635.0,433
2025-02-10,M0079,PL01,1961.0,208
2025-08-25,M0090,PL02,937.0,359
2025-05-09,M0097,PL02,1838.0,488
2025-06-29,M0127,PL01,883.0,75
2025-06-09,M0030,PL03,1451.0,358
2025-05-06,M0024,PL04,424.0,115
2025-03-12,M0131,PL02,386.0,472
2025-05-18,M0122,PL01,1262.0,312
2025-07-01,M0100,PL01,1003.0,216
2025-04-28,M0176,PL03,857.0,337
2025-09-05,M0071,PL02,622.0,203
2025-03-12,M0150,PL01,89.0,392
2025-01-23,M0014,PL02,384.0,255
2025-09-05,M0048,PL04,1998.0,462
2025-06-25,M0029,PL01,1162.0,202
2025-01-17,M0050,PL01,996.0,233
2025-06-30,M0138,PL04,646.0,208
2025-06-12,M0199,PL01,1547.0,243
2025-03-16,M0027,PL03,1267.0,51
2025-09-06,M0079,PL04,1528.0,264
2025-05-15,M0096,PL03,421.0,224
2025-04-09,M0156,PL04,1205.0,124
2025-06-25,M0137,PL04,1218.0,334
2025-08-16,M0071,PL03,873.0,176
2025-08-26,M0080,PL04,1657.0,98
2025-02-10,M0154,PL02,52.0,81
2025-04-20,M0081,PL03,985.0,207
2025-04-24,M0087,PL04,1013.0,64
2025-03-24,M0008,PL03,1951.0,367
2025-07-14,M0002,PL04,,383
2025-01-31,M0185,PL04,684.0,292
2025-08-03,M0180,PL02,178.0,66
2025-07-11,M0186,PL02,292.0,71
2025-06-16,M0123,PL02,374.0,293
2025-01-31,M0121,PL04,1082.0,463
2025-07-22,M0096,PL02,1077.0,130
2025-06-07,M0093,PL03,1937.0,193
2025-06-08,M0003,PL04,1792.0,485
2025-05-07,M0136,PL03,1268.0,57
2025-04-19,M0187,PL02,1172.0,497
2025-03-07,M0002,PL04,795.0,216
2025-03-27,M0190,PL03,1391.0,336
2025-02-27,M0115,PL01,15.0,317
2025-03-10,M0049,PL03,175.0,338
2025-06-06,M0101,PL04,1563.0,235
2025-04-15,M0148,PL01,1429.0,61
2025-04-02,M0029,PL02,1490.0,330
2025-07-21,M0145,PL02,1903.0,471
2025-03-23,M0074,PL03,128.0,353
2025-01-19,M0105,PL02,1246.0,132
2025-07-16,M0150,PL03,883.0,104
2025-04-02,M0006,PL03,1267.0,180
2025-07-19,M0062,PL03,425.0,174
2025-06-14,M0031,PL03,353.0,374
2025-04-22,M0190,PL04,749.0,468
2025-03-21,M0119,PL04,743.0,100
2025-08-16,M0012,PL01,1349.0,76
2025-01-29,M0012,PL01,1627.0,214
2025-06-06,M0191,PL02,1026.0,449
2025-04-14,M0144,PL04,478.0,330
2025-04-23,M0025,PL01,975.0,82
2025-05-16,M0150,PL04,1104.0,111
2025-06-03,M0091,PL04,43.0,194
2025-04-20,M0088,PL02,154.0,220
2025-03-02,M0076,PL02,946.0,335
2025-08-28,M0018,PL03,1559.0,346
2025-07-04,M0045,PL04,1939.0,166
2025-01-03,M0111,PL03,927.0,53
2025-08-22,M0080,PL03,98.0,115
2025-07-27,M0068,PL03,1420.0,109
2025-01-13,M0140,PL04,1903.0,442
2025-05-25,M0177,PL04,170.0,336
2025-09-02,M0161,PL03,147.0,394
2025-02-22,M0191,PL04,122.0,278
2025-03-31,M0018,PL03,111.0,149
2025-07-08,M0054,PL01,1022.0,168
2025-05-10,M0112,PL04,1011.0,118
2025-07-29,M0097,PL02,1153.0,201
2025-02-17,M0027,PL02,67.0,329
2025-01-16,M0078,PL03,1882.0,270
2025-08-02,M0153,PL01,827.0,478
2025-01-29,M0162,PL04,1752.0,272
2025-04-12,M0088,PL03,,214
2025-07-20,M0188,PL01,,491
2025-02-19,M0054,PL01,1631.0,260
2025-08-03,M0087,PL04,1680.0,328
2025-01-10,M0005,PL02,1920.0,468
2025-01-22,M0123,PL02,1568.0,112
2025-07-14,M0164,PL01,1309.0,423
2025-07-08,M0054,PL02,1028.0,419
2025-03-25,M0164,PL01,1141.0,311
2025-05-28,M0197,PL01,1675.0,55
2025-05-02,M0039,PL01,229.0,297
2025-06-16,M0198,PL02,159.0,278
2025-06-13,M0109,PL03,1317.0,335
2025-02-09,M0132,PL02,1784.0,306
2025-02-14,M0074,PL03,1808.0,112
2025-08-25,M0065,PL02,185.0,441
2025-03-13,M0168,PL04,1013.0,77
2025-02-07,M0037,PL04,876.0,394
2025-02-02,M0067,PL02,551.0,466
2025-05-15,M0111,PL04,1247.0,102
2025-03-13,M0159,PL04,1175.0,301
2025-07-14,M0125,PL04,1163.0,87
2025-05-19,M0087,PL04,1390.0,357
2025-07-22,M0047,PL03,1151.0,383
2025-07-10,M0155,PL01,1374.0,188
2025-02-25,M0179,PL03,146.0,435
2025-03-20,M0148,PL01,1308.0,102
2025-07-17,M0013,PL01,1492.0,143
2025-06-19,M0191,PL02,1241.0,143
2025-06-03,M0044,PL02,435.0,312
2025-02-12,M0152,PL02,731.0,372
2025-05-03,M0125,PL02,1168.0,186
2025-04-08,M0119,PL02,1864.0,421
2025-04-16,M0131,PL03,1300.0,496
2025-05-22,M0126,PL03,1777.0,305
2025-01-13,M0138,PL04,59.0,444
2025-05-26,M0193,PL03,1633.0,86
2025-06-10,M0049,PL03,842.0,191
2025-05-14,M0124,PL02,1398.0,196
2025-07-16,M0186,PL04,403.0,57
2025-03-07,M0078,PL03,880.0,300
2025-04-22,M0130,PL03,1716.0,184
2025-06-17,M0194,PL04,1137.0,108
2025-06-27,M0103,PL01,1518.0,172
2025-01-13,M0105,PL02,614.0,496
2025-09-02,M0120,PL03,335.0,312
2025-01-22,M0031,PL03,830.0,169
2025-07-25,M0068,PL04,1592.0,488
2025-06-12,M0037,PL03,284.0,308
2025-08-12,M0024,PL02,128.0,372
2025-05-10,M0044,PL03,1915.0,67
2025-09-06,M0083,PL01,314.0,350
2025-01-09,M0041,PL02,959.0,402
2025-03-12,M0179,PL01,1621.0,141
2025-01-03,M0042,PL04,1735.0,213
2025-07-23,M0108,PL02,70.0,193
2025-02-22,M0040,PL03,344.0,384
2025-02-20,M0048,PL02,1121.0,462
2025-08-21,M0113,PL02,1323.0,364
2025-03-18,M0084,PL02,175.0,451
2025-05-22,M0004,PL01,1768.0,482
2025-01-02,M0108,PL04,883.0,287
2025-01-19,M0060,PL02,1098.0,223
2025-08-03,M0114,PL03,142.0,132
2025-08-07,M0167,PL02,930.0,206
2025-03-27,M0005,PL02,1046.0,158
2025-08-11,M0106,PL04,180.0,227
2025-02-26,M0006,PL03,1068.0,299
2025-04-23,M0014,PL03,1492.0,302
2025-07-11,M0198,PL01,91.0,104
2025-03-03,M0126,PL03,1292.0,204
2025-04-06,M0140,PL03,33.0,440
2025-07-23,M0062,PL03,677.0,140
2025-08-14,M0027,PL02,1605.0,388
2025-05-15,M0054,PL01,1387.0,175
2025-04-13,M0090,PL03,1731.0,386
2025-04-13,M0012,PL03,1156.0,218
2025-07-11,M0136,PL03,,188
2025-05-05,M0074,PL02,381.0,54
2025-01-27,M0144,PL02,1703.0,115
2025-08-26,M0180,PL01,965.0,160
2025-03-30,M0026,PL04,1300.0,233
2025-03-25,M0136,PL01,1179.0,317
2025-03-08,M0045,PL02,386.0,219
2025-03-11,M0084,PL03,534.0,411
2025-04-17,M0147,PL03,199.0,293
2025-08-14,M0145,PL01,274.0,380
2025-01-05,M0103,PL03,500.0,187
2025-03-30,M0124,PL02,458.0,77
2025-03-04,M0193,PL01,49.0,56
2025-05-30,M0123,PL04,969.0,447
2025-02-09,M0116,PL02,1721.0,382
2025-08-17,M0157,PL02,987.0,366
2025-04-11,M0014,PL03,531.0,100
2025-01-11,M0017,PL02,1003.0,475
2025-06-07,M0013,PL02,627.0,185
2025-08-16,M0093,PL04,1115.0,227
2025-04-22,M0063,PL03,1884.0,178
2025-05-05,M0033,PL02,1479.0,246
2025-08-08,M0029,PL03,338.0,316
2025-03-10,M0037,PL02,1076.0,156
2025-08-27,M0103,PL04,1519.0,97
2025-07-11,M0174,PL03,1658.0,187
2025-07-31,M0024,PL03,1876.0,448
2025-04-14,M0142,PL04,1873.0,152
2025-06-12,M0133,PL01,1800.0,96
2025-06-29,M0125,PL02,3.0,202
2025-02-05,M0053,PL02,1704.0,417
2025-05-07,M0088,PL01,280.0,55
2025-02-04,M0098,PL03,1313.0,60
2025-01-13,M0114,PL03,72.0,66
2025-06-11,M0095,PL04,1160.0,192
2025-03-27,M0158,PL04,1873.0,321
2025-07-11,M0188,PL04,767.0,361
2025-02-22,M0120,PL01,970.0,115
2025-04-12,M0073,PL01,1676.0,469
2025-08-25,M0156,PL03,997.0,388
2025-06-28,M0106,PL04,1416.0,471
2025-08-07,M0026,PL03,207.0,380
2025-07-23,M0018,PL01,259.0,305
2025-03-18,M0164,PL02,929.0,176
2025-06-09,M0136,PL03,262.0,180
2025-05-27,M0146,PL01,782.0,67
2025-01-17,M0058,PL04,504.0,256
2025-01-28,M0160,PL02,1573.0,138
2025-06-03,M0093,PL02,202.0,487
2025-06-26,M0049,PL02,1759.0,292
2025-02-09,M0176,PL04,1370.0,399
2025-07-01,M0071,PL02,51.0,66
2025-05-16,M0065,PL01,1616.0,272
2025-07-30,M0033,PL03,1379.0,419
2025-03-31,M0050,PL02,1746.0,412
2025-04-15,M0004,PL02,1542.0,259
2025-04-24,M0119,PL01,362.0,148
2025-07-09,M0084,PL04,44.0,62
2025-06-10,M0117,PL02,826.0,368
2025-08-25,M0164,PL01,1401.0,319
2025-06-24,M0102,PL01,788.0,236
2025-02-09,M0156,PL04,1435.0,469
2025-07-25,M0131,PL04,770.0,323
2025-05-09,M0006,PL03,141.0,182
2025-04-04,M0173,PL02,1281.0,63
2025-07-08,M0023,PL03,796.0,330
2025-01-11,M0135,PL01,1937.0,93
2025-02-13,M0120,PL02,36.0,426
2025-01-22,M0061,PL01,1964.0,344
2025-08-14,M0100,PL01,44.0,445
2025-08-14,M0065,PL01,919.0,153
2025-09-01,M0134,PL04,1655.0,494
2025-04-02,M0024,PL04,1069.0,111
2025-09-06,M0037,PL02,1675.0,102
2025-03-24,M0045,PL01,564.0,358
2025-07-04,M0179,PL01,300.0,461
2025-08-15,M0100,PL02,287.0,468
2025-08-06,M0102,PL03,785.0,167
2025-07-20,M0173,PL01,268.0,370
2025-06-16,M0063,PL04,1923.0,180
2025-08-03,M0029,PL03,790.0,348
2025-06-18,M0101,PL03,1085.0,355
2025-02-25,M0109,PL03,1589.0,248
2025-05-23,M0096,PL03,1993.0,442
2025-03-04,M0153,PL03,1974.0,85
2025-08-09,M0010,PL03,,328
2025-01-06,M0035,PL02,1265.0,265
2025-06-22,M0055,PL02,935.0,123
2025-05-08,M0153,PL03,1805.0,355
2025-04-27,M0173,PL04,1787.0,104
2025-03-29,M0096,PL02,353.0,430
2025-08-12,M0123,PL02,1819.0,61
2025-03-23,M0012,PL03,967.0,132
2025-05-21,M0004,PL04,1999.0,81
2025-02-05,M0106,PL03,1886.0,457
2025-01-23,M0090,PL04,70.0,135
2025-08-23,M0067,PL04,834.0,281
2025-02-10,M0145,PL01,412.0,460
2025-04-09,M0065,PL02,611.0,494
2025-02-16,M0082,PL03,1084.0,324
2025-04-17,M0105,PL02,614.0,250
2025-03-08,M0181,PL02,1475.0,100
2025-02-25,M0084,PL04,1416.0,369
2025-08-30,M0185,PL02,1654.0,305
2025-06-05,M0105,PL01,528.0,290
2025-04-05,M0115,PL03,1328.0,254
2025-04-12,M0028,PL02,190.0,435
2025-05-03,M0016,PL03,1747.0,469
2025-06-14,M0021,PL02,77.0,433
2025-05-12,M0077,PL03,1581.0,444
2025-03-10,M0042,PL03,1628.0,245
2025-03-15,M0054,PL03,888.0,293
2025-07-11,M0032,PL02,1548.0,369
2025-04-12,M0114,PL01,1763.0,50
2025-01-01,M0038,PL03,1324.0,138
2025-04-25,M0198,PL04,948.0,331
2025-05-24,M0114,PL04,16.0,188
2025-06-06,M0166,PL04,814.0,136
2025-07-18,M0182,PL01,1597.0,51
2025-08-02,M0188,PL03,433.0,398
2025-01-06,M0110,PL01,1066.0,217
2025-08-01,M0103,PL03,1091.0,168
2025-05-04,M0077,PL01,1403.0,437
2025-08-01,M0175,PL03,211.0,129
2025-03-29,M0140,PL04,202.0,160
2025-01-22,M0053,PL03,725.0,214
2025-06-20,M0161,PL01,108.0,431
2025-07-20,M0156,PL03,967.0,494
2025-08-17,M0121,PL02,283.0,268
2025-05-25,M0003,PL03,940.0,54
2025-06-28,M0154,PL04,1960.0,448
2025-05-26,M0054,PL03,1629.0,264
2025-08-29,M0040,PL02,1248.0,244
2025-01-26,M0194,PL02,736.0,331
2025-06-05,M0068,PL02,1774.0,55
2025-05-10,M0114,PL01,1141.0,428
2025-01-17,M0175,PL02,931.0,349
2025-04-27,M0130,PL01,602.0,107
2025-05-04,M0042,PL02,1363.0,386
2025-04-06,M0162,PL01,1824.0,351
2025-04-05,M0094,PL02,1304.0,151
2025-01-18,M0149,PL02,490.0,475
2025-02-09,M0101,PL03,18.0,97
2025-05-27,M0172,PL02,1198.0,419
2025-06-23,M0124,PL03,1492.0,460
2025-06-26,M0002,PL02,1641.0,325
2025-03-12,M0091,PL02,800.0,420
2025-03-18,M0059,PL03,759.0,212
2025-01-25,M0098,PL03,1858.0,381
2025-07-23,M0016,PL01,1165.0,481
2025-03-20,M0148,PL04,1486.0,245
2025-06-04,M0154,PL03,928.0,426
2025-07-19,M0016,PL01,297.0,485
2025-02-12,M0198,PL02,1493.0,414
2025-03-28,M0108,PL03,704.0,373
2025-02-22,M0023,PL03,1886.0,181
2025-06-22,M0042,PL02,814.0,472
2025-01-26,M0037,PL02,802.0,454
2025-04-20,M0072,PL02,372.0,115
2025-08-23,M0134,PL02,1491.0,449
2025-03-12,M0165,PL04,927.0,440
2025-06-08,M0116,PL03,950.0,132
2025-05-19,M0150,PL02,1461.0,314
2025-02-15,M0006,PL02,843.0,278
2025-05-14,M0032,PL04,946.0,322
2025-07-14,M0145,PL03,1743.0,268
2025-06-22,M0038,PL01,442.0,274
2025-07-14,M0145,PL03,1479.0,162
2025-03-04,M0037,PL01,1271.0,189
2025-05-13,M0151,PL04,141.0,234
2025-07-19,M0177,PL02,401.0,222
2025-06-14,M0189,PL04,1919.0,425
2025-03-28,M0177,PL03,822.0,60
2025-06-19,M0061,PL02,221.0,446
2025-05-27,M0077,PL03,736.0,208
2025-05-02,M0160,PL01,1889.0,254
2025-03-11,M0127,PL03,1207.0,279
2025-04-23,M0086,PL04,1387.0,75
2025-04-24,M0191,PL04,1840.0,368
2025-04-22,M0007,PL04,993.0,208
2025-03-31,M0150,PL02,1211.0,327
2025-04-08,M0085,PL03,112.0,439
2025-07-19,M0006,PL02,1204.0,197
2025-03-23,M0189,PL03,1222.0,315
2025-05-30,M0142,PL01,1925.0,132
2025-08-18,M0144,PL03,1093.0,468
2025-01-10,M0003,PL03,597.0,75
2025-05-04,M0137,PL03,903.0,120
2025-01-05,M0047,PL03,484.0,86
2025-04-03,M0085,PL01,1422.0,441
2025-03-25,M0094,PL02,1945.0,182
2025-03-19,M0170,PL04,550.0,477
2025-07-05,M0170,PL03,1666.0,175
2025-06-06,M0023,PL04,1976.0,164
2025-03-09,M0003,PL04,1033.0,141
2025-06-16,M0129,PL04,2.0,291
2025-07-23,M0067,PL04,1501.0,249
2025-07-01,M0071,PL03,1837.0,256
2025-02-23,M0131,PL04,661.0,166
2025-06-13,M0177,PL03,66.0,268
2025-08-02,M0067,PL01,704.0,354
2025-03-20,M0055,PL02,1120.0,292
2025-02-26,M0132,PL02,1554.0,341
2025-07-16,M0031,PL03,1341.0,331
2025-04-21,M0066,PL03,97.0,350
2025-05-18,M0101,PL02,1080.0,366
2025-05-01,M0064,PL04,1886.0,221
2025-06-18,M0031,PL03,1130.0,437
2025-05-07,M0117,PL04,87.0,125
2025-01-27,M0191,PL03,971.0,258
2025-03-28,M0066,PL03,652.0,363
2025-08-09,M0159,PL01,655.0,154
2025-04-16,M0047,PL01,911.0,75
2025-07-24,M0022,PL02,370.0,400
2025-05-25,M0094,PL01,374.0,128
2025-02-14,M0083,PL01,51.0,177
2025-09-01,M0046,PL02,1747.0,462
2025-02-06,M0089,PL04,40.0,186
2025-07-05,M0186,PL01,815.0,383
2025-01-01,M0119,PL04,90.0,85
2025-08-01,M0189,PL02,38.0,437
2025-05-30,M0046,PL03,1036.0,108
2025-03-10,M0001,PL04,899.0,279
2025-07-16,M0096,PL02,1631.0,470
2025-06-06,M0153,PL04,620.0,173
2025-08-08,M0061,PL02,103.0,137
2025-08-18,M0105,PL02,1889.0,386
2025-01-14,M0081,PL03,742.0,190
2025-05-05,M0014,PL04,42.0,453
2025-04-14,M0045,PL03,208.0,322
2025-08-31,M0077,PL03,599.0,100
2025-09-01,M0167,PL04,604.0,104
2025-06-27,M0066,PL04,1709.0,466
2025-03-03,M0032,PL02,475.0,454
2025-03-18,M0096,PL04,1661.0,386
2025-08-10,M0058,PL02,108.0,199
2025-01-29,M0104,PL02,1582.0,202
2025-03-30,M0056,PL02,213.0,268
2025-02-23,M0134,PL02,1627.0,268
2025-04-03,M0067,PL02,1716.0,415
2025-06-01,M0178,PL02,408.0,445
2025-04-29,M0118,PL04,1576.0,448
2025-04-30,M0038,PL04,770.0,391
2025-02-01,M0131,PL01,632.0,307
2025-01-14,M0112,PL04,76.0,437
2025-06-19,M0133,PL03,94.0,94
2025-01-13,M0152,PL01,268.0,318
2025-01-29,M0054,PL04,360.0,360
2025-02-01,M0034,PL03,529.0,209
2025-09-01,M0039,PL04,1828.0,327
2025-03-27,M0112,PL02,682.0,394
2025-06-14,M0088,PL01,,104
2025-03-06,M0048,PL02,464.0,194
2025-04-29,M0049,PL01,822.0,284
2025-04-27,M0034,PL01,1587.0,228
2025-08-08,M0100,PL02,547.0,257
2025-02-28,M0135,PL01,1973.0,185
2025-07-16,M0018,PL01,1210.0,494
2025-03-15,M0070,PL04,1905.0,402
2025-06-07,M0114,PL03,1783.0,443
2025-09-04,M0034,PL02,51.0,324
2025-03-09,M0051,PL04,487.0,433
2025-03-03,M0105,PL04,1554.0,447
2025-06-19,M0093,PL02,1419.0,372
2025-01-19,M0196,PL01,91.0,232
2025-07-29,M0142,PL02,650.0,110
2025-08-17,M0069,PL03,1839.0,489
2025-06-18,M0089,PL03,356.0,112
2025-03-09,M0103,PL02,1755.0,410
2025-06-27,M0136,PL04,1634.0,264
2025-05-18,M0143,PL02,1771.0,409
2025-05-04,M0083,PL03,718.0,188
2025-02-04,M0187,PL02,1167.0,480
2025-02-14,M0011,PL01,198.0,183
2025-04-01,M0148,PL02,814.0,83
2025-08-30,M0183,PL04,1346.0,242
2025-04-04,M0036,PL01,1822.0,404
2025-04-30,M0082,PL03,1355.0,369
2025-09-04,M0142,PL02,1287.0,136
2025-05-09,M0186,PL04,216.0,259
2025-03-28,M0038,PL04,1724.0,130
2025-04-13,M0089,PL03,555.0,371
2025-03-07,M0001,PL02,1457.0,464
2025-01-27,M0104,PL04,802.0,388
2025-02-27,M0065,PL01,1483.0,239
2025-03-29,M0001,PL02,700.0,487
2025-03-11,M0125,PL03,502.0,397
2025-06-15,M0060,PL01,468.0,282
2025-09-05,M0025,PL02,1974.0,441
2025-07-07,M0091,PL04,1729.0,475
2025-06-12,M0138,PL03,1805.0,218
2025-05-05,M0050,PL03,365.0,492
2025-03-21,M0140,PL02,1795.0,300
2025-01-25,M0092,PL03,,217
2025-04-11,M0032,PL01,1262.0,280
2025-05-17,M0033,PL02,623.0,199
2025-03-26,M0200,PL01,1604.0,201
2025-08-13,M0026,PL03,919.0,87
2025-06-16,M0042,PL03,560.0,435
2025-04-06,M0178,PL03,822.0,430
2025-04-30,M0061,PL01,966.0,346
2025-02-24,M0041,PL03,662.0,324
2025-06-08,M0185,PL02,750.0,154
2025-06-20,M0130,PL04,1872.0,435
2025-03-22,M0099,PL02,1419.0,397
2025-02-08,M0098,PL04,1418.0,401
2025-03-02,M0198,PL03,1650.0,111
2025-08-09,M0031,PL02,1098.0,65
2025-02-07,M0151,PL01,1121.0,399
2025-05-18,M0182,PL04,382.0,199
2025-04-04,M0115,PL01,1646.0,191
2025-09-05,M0156,PL04,1892.0,165
2025-04-06,M0147,PL03,1393.0,361
2025-03-31,M0048,PL02,1308.0,114
2025-05-22,M0002,PL04,1279.0,478
2025-01-05,M0139,PL02,1853.0,359
2025-08-02,M0172,PL04,308.0,243
2025-07-18,M0101,PL04,1652.0,391
2025-06-22,M0187,PL03,175.0,479
2025-07-11,M0128,PL04,227.0,210
2025-05-30,M0059,PL01,346.0,355
2025-07-21,M0120,PL04,,410
2025-09-05,M0038,PL04,1365.0,327
2025-08-03,M0153,PL04,1919.0,345
2025-03-30,M0107,PL03,1985.0,88
2025-05-05,M0021,PL02,1262.0,410
2025-07-11,M0042,PL02,1635.0,218
2025-06-03,M0164,PL03,1020.0,117
2025-03-19,M0137,PL01,1711.0,56
2025-08-02,M0140,PL01,349.0,134
2025-05-05,M0010,PL03,1978.0,248
2025-04-03,M0187,PL02,454.0,181
2025-08-26,M0133,PL01,440.0,125
2025-05-09,M0033,PL03,760.0,299
2025-01-26,M0069,PL02,1611.0,396
2025-06-17,M0080,PL01,514.0,492
2025-04-15,M0191,PL01,1104.0,258
2025-04-14,M0101,PL03,1384.0,133
2025-01-12,M0029,PL02,287.0,272
2025-02-09,M0146,PL01,7.0,302
2025-07-21,M0134,PL03,86.0,459
2025-08-18,M0053,PL01,997.0,80
2025-08-21,M0160,PL02,285.0,404
2025-05-16,M0124,PL04,1422.0,250
2025-07-17,M0042,PL01,73.0,101
2025-08-21,M0047,PL02,1462.0,417
2025-03-09,M0159,PL01,1146.0,121
2025-06-10,M0190,PL04,1400.0,70
2025-06-13,M0184,PL04,805.0,65
2025-01-31,M0011,PL01,1166.0,484
2025-07-18,M0154,PL03,157.0,65
2025-02-19,M0155,PL01,429.0,451
2025-04-16,M0083,PL02,1471.0,224
2025-02-12,M0185,PL03,1433.0,361
2025-03-03,M0109,PL02,1394.0,461
2025-02-24,M0027,PL02,1132.0,387
2025-07-09,M0187,PL03,845.0,127
2025-07-08,M0062,PL04,1730.0,489
2025-06-17,M0148,PL02,35.0,289
2025-07-21,M0131,PL01,1113.0,86
2025-09-04,M0144,PL04,1020.0,281
2025-06-13,M0103,PL04,973.0,449
2025-03-19,M0044,PL03,1438.0,262
2025-04-24,M0093,PL01,1997.0,242
2025-01-01,M0030,PL01,1017.0,109
2025-03-18,M0168,PL04,1319.0,238
2025-01-05,M0119,PL02,1865.0,316
2025-04-30,M0193,PL02,712.0,175
2025-01-27,M0029,PL01,1069.0,252
2025-03-06,M0030,PL04,487.0,371
2025-04-13,M0104,PL04,618.0,431
2025-07-26,M0110,PL04,169.0,81
2025-06-01,M0032,PL03,145.0,452
2025-09-07,M0138,PL01,867.0,361
2025-04-24,M0051,PL01,419.0,310
2025-06-12,M0136,PL02,1995.0,436
2025-07-03,M0179,PL02,1713.0,461
2025-01-25,M0036,PL01,572.0,395
2025-03-07,M0055,PL01,1959.0,143
2025-07-06,M0163,PL02,1026.0,377
2025-09-08,M0036,PL01,1617.0,149
2025-05-07,M0056,PL02,1286.0,334
2025-06-21,M0036,PL01,798.0,364
2025-06-01,M0089,PL03,320.0,74
